32,1,English_A-SL,Polish_A-SL-1,Polish_A-SL-2
35,0.89,English_A-SL,English_B-HL-1,English_B-HL-2
24,0.83,English_A-SL,Polish_A-HL,Polish_A-SL-2
24,0.83,English_A-SL,German_B-AB,Polish_A-SL-1
25,0.83,English_A-SL,History-HL,Polish_A-SL-1
34,0.78,English_A-SL,English_B-HL-1,Polish_A-SL-2
33,0.78,English_A-SL,English_B-HL-2,Polish_A-SL-1
24,0.75,English_A-SL,History-HL,Math_AA-SL,Polish_A-HL
21,0.75,English_A-SL,Chemistry-SL,German_B-AB,Polish_A-HL
23,0.75,English_A-SL,German_B-AB,Math_AA-SL,Polish_A-HL
26,0.67,English_A-SL,English_B-HL-1,German_B-AB
27,0.67,English_A-SL,English_B-HL-1,History-HL
25,0.67,English_A-SL,English_B-HL-2,Polish_A-HL
17,1,Spanish_B-SL,German_B-AB+SL,Polish_A-HL,TOK-2
18,1,Spanish_B-SL,German_B-SL,History-HL,Polish_A-HL,TOK-2
12,1,Spanish_B-SL,German_B-SL,History-HL,Polish_A-HL,SSSTS-SL
9,1,Spanish_B-SL,German_B-AB,Polish_A-HL,SSSTS-SL
15,1,Spanish_B-SL,German_B-AB,Polish_A-HL,TOK-2
11,1,Spanish_B-SL,German_B-AB+SL,Polish_A-HL,SSSTS-SL
18,0.9,Spanish_B-SL,CAS-2,German_B-SL,History-HL,Polish_A-HL
15,0.88,Spanish_B-SL,CAS-2,German_B-AB,Polish_A-HL
17,0.88,Spanish_B-SL,CAS-2,German_B-AB+SL,Polish_A-HL
25,0.75,Spanish_B-SL,Polish_A-SL-1,Polish_A-SL-2,SSSTS-SL
18,0.75,Spanish_B-SL,Geography-HL,History-SL,Polish_A-SL-1
24,0.75,Spanish_B-SL,Math_AI-SL,Polish_A-SL-2,TOK-2
14,0.75,Spanish_B-SL,History-SL,Math_AA-SL,Polish_A-HL
14,0.75,Spanish_B-SL,German_B-AB+SL,Math_AA-SL,Math_AI-SL
18,0.75,Spanish_B-SL,Math_AI-SL,Polish_A-SL-2,SSSTS-SL
23,0.75,Spanish_B-SL,Biology-SL,Geography-HL,History-SL
16,0.75,Spanish_B-SL,Geography-HL,Math_AI-SL,Polish_A-SL-2
12,0.75,Spanish_B-SL,German_B-AB,Math_AA-SL,Math_AI-SL
20,0.75,Spanish_B-SL,History-SL,Polish_A-SL-1,SSSTS-SL
22,0.75,Spanish_B-SL,Biology-SL,Chemistry-SL,German_B-AB
24,0.75,Spanish_B-SL,Biology-SL,Chemistry-SL,German_B-AB+SL
25,0.75,Spanish_B-SL,BM-HL,English_B-HL-2,Math_AI-SL
23,0.75,Spanish_B-SL,Biology-SL,Chemistry-SL,German_B-SL
15,0.7,Spanish_B-SL,German_B-SL,History-HL,Math_AA-SL,Math_AI-SL
25,0.7,Spanish_B-SL,English_A-HL,Geography-HL,Polish_A-SL-1,Polish_A-SL-2
24,0.69,Spanish_B-SL,CAS-2,Math_AI-SL,Polish_A-SL-2
25,0.67,Spanish_B-SL,English_A-HL,English_B-HL-1,English_B-HL-2
24,0.67,Spanish_B-SL,BM-HL,Math_AI-SL,Polish_A-SL-2
24,0.67,Spanish_B-SL,BM-HL,English_B-HL-2,Polish_A-HL
17,0.67,Spanish_B-SL,English_B-HL-1,History-SL
18,0.63,Spanish_B-SL,German_B-AB+SL,Math_AI-SL,TOK-2
22,0.63,Spanish_B-SL,Biology-SL,Geography-HL,German_B-AB+SL
12,0.63,Spanish_B-SL,German_B-AB+SL,Math_AI-SL,SSSTS-SL
17,0.63,Spanish_B-SL,Polish_A-HL,Polish_A-SL-2,SSSTS-SL
20,0.63,Spanish_B-SL,Biology-SL,Geography-HL,German_B-AB
16,0.63,Spanish_B-SL,German_B-AB,Math_AI-SL,TOK-2
23,0.63,Spanish_B-SL,Polish_A-HL,Polish_A-SL-2,TOK-2
19,0.63,Spanish_B-SL,German_B-AB+SL,Polish_A-SL-1,SSSTS-SL
18,0.63,Spanish_B-SL,History-SL,Polish_A-HL,TOK-2
17,0.63,Spanish_B-SL,German_B-AB,Polish_A-SL-1,SSSTS-SL
10,0.63,Spanish_B-SL,German_B-AB,Math_AI-SL,SSSTS-SL
12,0.63,Spanish_B-SL,History-SL,Polish_A-HL,SSSTS-SL
19,0.6,Spanish_B-SL,German_B-SL,History-HL,Math_AI-SL,TOK-2
22,0.6,Spanish_B-SL,Biology-HL,Chemistry-SL,German_B-SL,Math_AI-SL
23,0.6,Spanish_B-SL,Biology-SL,Geography-HL,German_B-SL,History-HL
13,0.6,Spanish_B-SL,English_A-HL,German_B-AB,Math_AA-SL,Polish_A-HL
23,0.6,Spanish_B-SL,Biology-HL,Chemistry-SL,German_B-AB+SL,Math_AI-SL
15,0.6,Spanish_B-SL,English_A-HL,German_B-AB+SL,Math_AA-SL,Polish_A-HL
21,0.6,Spanish_B-SL,Biology-HL,Chemistry-SL,German_B-AB,Math_AI-SL
19,0.6,Spanish_B-SL,English_A-HL,Geography-HL,German_B-AB+SL,Polish_A-SL-1
13,0.6,Spanish_B-SL,German_B-SL,History-HL,Math_AI-SL,SSSTS-SL
20,0.6,Spanish_B-SL,German_B-SL,History-HL,Polish_A-SL-1,SSSTS-SL
17,0.6,Spanish_B-SL,English_A-HL,Geography-HL,Polish_A-HL,Polish_A-SL-2
17,0.6,Spanish_B-SL,English_A-HL,Geography-HL,German_B-AB,Polish_A-SL-1
18,0.58,Spanish_B-SL,BM-HL,German_B-AB+SL,Math_AI-SL
20,0.58,Spanish_B-SL,English_A-HL,Geography-HL,German_B-SL,History-HL,Polish_A-SL-1
16,0.58,Spanish_B-SL,English_A-HL,German_B-SL,History-HL,Math_AA-SL,Polish_A-HL
18,0.58,Spanish_B-SL,BM-HL,History-SL,Polish_A-HL
16,0.58,Spanish_B-SL,BM-HL,German_B-AB,Math_AI-SL
23,0.58,Spanish_B-SL,BM-HL,Polish_A-HL,Polish_A-SL-2
24,0.58,Spanish_B-SL,English_A-HL,English_B-HL-1,Polish_A-SL-2
17,0.58,Spanish_B-SL,English_B-HL-2,Geography-HL,Math_AI-SL
25,0.58,Spanish_B-SL,English_B-HL-2,Math_AI-SL,TOK-2
16,0.56,Spanish_B-SL,CAS-2,German_B-AB,Math_AI-SL
18,0.56,Spanish_B-SL,CAS-2,History-SL,Polish_A-HL
23,0.56,Spanish_B-SL,CAS-2,Polish_A-HL,Polish_A-SL-2
18,0.56,Spanish_B-SL,CAS-2,German_B-AB+SL,Math_AI-SL
19,0.55,Spanish_B-SL,CAS-2,German_B-SL,History-HL,Math_AI-SL
26,0.53,Spanish_B-SL,English_A-HL,English_B-HL-2,Geography-HL,Polish_A-SL-1
21,0.53,Spanish_B-SL,Biology-HL,Geography-HL,History-SL,Polish_A-HL
19,0.53,Spanish_B-SL,BM-HL,German_B-SL,History-HL,Math_AI-SL
19,0.53,Spanish_B-SL,Biology-HL,Geography-HL,German_B-AB,Math_AI-SL
21,0.53,Spanish_B-SL,Biology-HL,Geography-HL,German_B-AB+SL,Math_AI-SL
23,0.5,Spanish_B-SL,Biology-HL,Chemistry-SL,English_A-HL,German_B-SL,Polish_A-HL
24,0.5,Spanish_B-SL,Biology-HL,Chemistry-SL,English_A-HL,German_B-AB+SL,Polish_A-HL
22,0.5,Spanish_B-SL,Biology-HL,Chemistry-SL,English_A-HL,German_B-AB,Polish_A-HL
16,0.5,Spanish_B-SL,English_A-HL,English_B-HL-1,German_B-AB
22,0.5,Spanish_B-SL,Biology-HL,Geography-HL,German_B-SL,History-HL,Math_AI-SL
17,0.5,Spanish_B-SL,BM-HL,German_B-AB+SL,Polish_A-HL
18,0.5,Spanish_B-SL,English_A-HL,English_B-HL-1,German_B-AB+SL
24,0.5,Spanish_B-SL,English_B-HL-2,Polish_A-HL,TOK-2
15,0.5,Spanish_B-SL,BM-HL,German_B-AB,Polish_A-HL
18,0.46,Spanish_B-SL,BM-HL,German_B-SL,History-HL,Polish_A-HL
19,0.46,Spanish_B-SL,English_A-HL,English_B-HL-1,German_B-SL,History-HL
18,0.46,Spanish_B-SL,English_A-HL,English_B-HL-2,Geography-HL,Polish_A-HL
22,0.44,Spanish_B-SL,Biology-HL,English_A-HL,Geography-HL,German_B-AB+SL,Polish_A-HL
20,0.44,Spanish_B-SL,Biology-HL,English_A-HL,Geography-HL,German_B-AB,Polish_A-HL
23,0.43,Spanish_B-SL,Biology-HL,English_A-HL,Geography-HL,German_B-SL,History-HL,Polish_A-HL
23,1,Psychology-HL,German_B-AB,Physics-HL,TOK-2
12,1,Psychology-HL,German_B-SL,History-HL,SSSTS-SL
9,1,Psychology-HL,German_B-AB,SSSTS-SL
21,1,Psychology-HL,Chemistry-HL,Geography-HL,German_B-AB+SL
18,1,Psychology-HL,German_B-SL,History-HL,TOK-2
24,1,Psychology-HL,History-HL,Physics-HL,TOK-2
11,1,Psychology-HL,German_B-AB+SL,SSSTS-SL
19,1,Psychology-HL,Chemistry-HL,Geography-HL,German_B-AB
22,1,Psychology-HL,Chemistry-HL,Geography-HL,German_B-SL,History-HL
21,0.88,Psychology-HL,CAS-3,Geography-HL,German_B-AB+SL
20,0.88,Psychology-HL,CAS-3,Geography-HL,German_B-SL
27,0.88,Psychology-HL,CAS-3,German_B-AB,TOK-2
24,0.88,Psychology-HL,CAS-2,History-HL,Physics-HL
23,0.88,Psychology-HL,CAS-2,German_B-AB,Physics-HL
29,0.88,Psychology-HL,CAS-3,German_B-AB+SL,TOK-2
28,0.88,Psychology-HL,CAS-3,German_B-SL,TOK-2
18,0.88,Psychology-HL,CAS-2,German_B-SL,History-HL
19,0.88,Psychology-HL,CAS-3,Geography-HL,German_B-AB
17,0.83,Psychology-HL,CAS-2,German_B-AB+SL
26,0.78,Psychology-HL,Biology-HL,Math_AA-HL-1
24,0.78,Psychology-HL,BM-HL,English_B-HL-2
22,0.75,Psychology-HL,History-HL,Math_AA-SL,Physics-SL
21,0.75,Psychology-HL,German_B-AB,Math_AA-SL,Physics-SL
13,0.67,Psychology-HL,German_B-AB+SL,Math_AA-SL
23,0.67,Psychology-HL,BM-HL,Polish_A-SL-2
15,0.67,Psychology-HL,Geography-HL,Polish_A-SL-2
22,0.67,Psychology-HL,Math_AA-HL-1,Math_AA-SL
23,0.67,Psychology-HL,Polish_A-SL-2,TOK-2
17,0.67,Psychology-HL,Polish_A-SL-2,SSSTS-SL
23,0.63,Psychology-HL,BM-SL,Geography-HL,German_B-AB
20,0.63,Psychology-HL,History-HL,Math_AA-SL,Physics-HL
31,0.63,Psychology-HL,BM-SL,German_B-AB,TOK-2
14,0.63,Psychology-HL,German_B-SL,History-HL,Math_AA-SL
19,0.63,Psychology-HL,German_B-AB,Math_AA-SL,Physics-HL
21,0.58,Psychology-HL,Biology-HL,Chemistry-SL,German_B-SL
20,0.58,Psychology-HL,Biology-HL,Chemistry-SL,German_B-AB
23,0.58,Psychology-HL,CAS-2,Polish_A-SL-2
22,0.58,Psychology-HL,Biology-HL,Chemistry-SL,German_B-AB+SL
31,0.56,Psychology-HL,BM-SL,CAS-2,German_B-AB
24,0.55,Psychology-HL,English_B-HL-2,TOK-2
16,0.55,Psychology-HL,English_B-HL-2,Geography-HL
28,0.53,Psychology-HL,Biology-HL,Geography-HL,German_B-AB,Physics-SL
29,0.53,Psychology-HL,Biology-HL,Geography-HL,History-HL,Physics-SL
23,0.5,Psychology-HL,BM-HL,German_B-AB,Physics-HL
24,0.5,Psychology-HL,BM-HL,History-HL,Physics-HL
20,0.5,Psychology-HL,Biology-HL,Geography-HL,German_B-AB+SL
18,0.5,Psychology-HL,BM-HL,German_B-SL,History-HL
26,0.46,Psychology-HL,Biology-HL,Geography-HL,German_B-AB,Physics-HL
28,0.46,Psychology-HL,BM-HL,CAS-3,German_B-SL
21,0.46,Psychology-HL,Biology-HL,Geography-HL,German_B-SL,History-HL
27,0.46,Psychology-HL,Biology-HL,Geography-HL,History-HL,Physics-HL
29,0.46,Psychology-HL,BM-HL,CAS-3,German_B-AB+SL
27,0.46,Psychology-HL,BM-HL,CAS-3,German_B-AB
25,1,Computer_Science-HL,Chemistry-HL,English_A-HL,Geography-HL,History-HL,Polish_A-HL
13,1,Computer_Science-HL,German_B-AB,Polish_A-HL,Spanish_B-HL,SSSTS-SL
24,1,Computer_Science-HL,Chemistry-HL,Geography-HL,History-HL,Polish_A-HL,Spanish_B-HL
24,1,Computer_Science-HL,Chemistry-HL,English_A-HL,Geography-HL,German_B-AB,Polish_A-HL
14,1,Computer_Science-HL,History-HL,Polish_A-HL,Spanish_B-HL,SSSTS-SL
23,1,Computer_Science-HL,Chemistry-HL,Geography-HL,German_B-AB,Polish_A-HL,Spanish_B-HL
26,0.7,Computer_Science-HL,Biology-SL,Chemistry-SL,German_B-AB,Spanish_B-HL
13,0.63,Computer_Science-HL,German_B-AB,Math_AI-SL,SSSTS-SL
14,0.63,Computer_Science-HL,History-HL,Math_AI-SL,SSSTS-SL
24,0.6,Computer_Science-HL,Biology-HL,Chemistry-SL,German_B-AB,Math_AI-SL
24,0.6,Computer_Science-HL,Biology-SL,Geography-HL,German_B-AB,Spanish_B-HL
25,0.6,Computer_Science-HL,Biology-SL,Geography-HL,History-HL,Spanish_B-HL
23,0.6,Computer_Science-HL,Chemistry-HL,Geography-HL,German_B-AB,Math_AI-SL
24,0.6,Computer_Science-HL,Chemistry-HL,Geography-HL,History-HL,Math_AI-SL
23,0.53,Computer_Science-HL,Biology-HL,Geography-HL,History-HL,Math_AI-SL
22,0.53,Computer_Science-HL,Biology-HL,Geography-HL,German_B-AB,Math_AI-SL
25,0.5,Computer_Science-HL,Biology-HL,Chemistry-SL,English_A-HL,German_B-AB,Polish_A-HL
24,0.5,Computer_Science-HL,Biology-HL,Chemistry-SL,German_B-AB,Polish_A-HL,Spanish_B-HL
22,0.44,Computer_Science-HL,Biology-HL,Geography-HL,German_B-AB,Polish_A-HL,Spanish_B-HL
23,0.44,Computer_Science-HL,Biology-HL,English_A-HL,Geography-HL,German_B-AB,Polish_A-HL
24,0.44,Computer_Science-HL,Biology-HL,English_A-HL,Geography-HL,History-HL,Polish_A-HL
23,0.44,Computer_Science-HL,Biology-HL,Geography-HL,History-HL,Polish_A-HL,Spanish_B-HL
28,0.67,Math_AA-HL-2,Math_AA-HL-1,Polish_A-HL,Spanish_B-HL
19,0.67,Math_AA-HL-2,German_B-AB+SL,Math_AI-SL
27,0.67,Math_AA-HL-2,German_B-AB,Math_AI-SL,Physics-SL
18,0.67,Math_AA-HL-2,German_B-SL,Math_AI-SL
25,0.58,Math_AA-HL-2,German_B-AB,Math_AI-SL,Physics-HL
27,0.53,Math_AA-HL-2,German_B-AB,Physics-SL,Polish_A-HL,Spanish_B-HL
18,0.5,Math_AA-HL-2,German_B-SL,Polish_A-HL,Spanish_B-HL
19,0.5,Math_AA-HL-2,German_B-AB+SL,Polish_A-HL,Spanish_B-HL
25,0.46,Math_AA-HL-2,German_B-AB,Physics-HL,Polish_A-HL,Spanish_B-HL
24,1,Geography-SL,Biology-SL,History-SL
33,0.8,Geography-SL,Biology-SL,History-HL,Physics-SL,Spanish_B-HL
32,0.8,Geography-SL,Biology-SL,German_B-AB,Physics-SL,Spanish_B-HL
23,0.75,Geography-SL,German_B-AB+SL,Math_AI-SL,TOK-3
21,0.75,Geography-SL,German_B-AB,Math_AI-SL,TOK-3
24,0.75,Geography-SL,Biology-SL,German_B-AB+SL,Spanish_B-HL
22,0.75,Geography-SL,German_B-SL,Math_AI-SL,TOK-3
30,0.7,Geography-SL,Biology-SL,German_B-AB,Physics-HL,Spanish_B-HL
25,0.7,Geography-SL,Biology-SL,German_B-SL,History-HL,Spanish_B-HL
31,0.7,Geography-SL,Biology-SL,History-HL,Physics-HL,Spanish_B-HL
21,0.69,Geography-SL,CAS-3,German_B-AB,Math_AI-SL
23,0.69,Geography-SL,CAS-3,German_B-AB+SL,Math_AI-SL
22,0.69,Geography-SL,CAS-3,German_B-SL,Math_AI-SL
31,0.67,Geography-SL,Biology-HL,History-HL,Math_AI-SL,Physics-SL
30,0.67,Geography-SL,Biology-HL,German_B-AB,Math_AI-SL,Physics-SL
22,0.67,Geography-SL,Biology-HL,History-SL,Polish_A-HL
22,0.67,Geography-SL,Biology-HL,German_B-AB+SL,Math_AI-SL
23,0.6,Geography-SL,English_A-HL,German_B-SL,Polish_A-HL,TOK-3
23,0.6,Geography-SL,German_B-AB+SL,Polish_A-HL,Spanish_B-HL,TOK-3
24,0.6,Geography-SL,English_A-HL,German_B-AB+SL,Polish_A-HL,TOK-3
23,0.6,Geography-SL,Biology-HL,German_B-SL,History-HL,Math_AI-SL
21,0.6,Geography-SL,German_B-AB,Polish_A-HL,Spanish_B-HL,TOK-3
29,0.6,Geography-SL,Biology-HL,History-HL,Math_AI-SL,Physics-HL
28,0.6,Geography-SL,Biology-HL,German_B-AB,Math_AI-SL,Physics-HL
22,0.6,Geography-SL,English_A-HL,German_B-AB,Polish_A-HL,TOK-3
22,0.6,Geography-SL,German_B-SL,Polish_A-HL,Spanish_B-HL,TOK-3
31,0.56,Geography-SL,Biology-HL,English_A-HL,German_B-AB,Physics-SL,Polish_A-HL
32,0.56,Geography-SL,Biology-HL,English_A-HL,History-HL,Physics-SL,Polish_A-HL
31,0.56,Geography-SL,Biology-HL,History-HL,Physics-SL,Polish_A-HL,Spanish_B-HL
30,0.56,Geography-SL,Biology-HL,German_B-AB,Physics-SL,Polish_A-HL,Spanish_B-HL
24,0.55,Geography-SL,CAS-3,English_A-HL,German_B-AB+SL,Polish_A-HL
21,0.55,Geography-SL,CAS-3,German_B-AB,Polish_A-HL,Spanish_B-HL
23,0.55,Geography-SL,CAS-3,English_A-HL,German_B-SL,Polish_A-HL
22,0.55,Geography-SL,CAS-3,English_A-HL,German_B-AB,Polish_A-HL
22,0.55,Geography-SL,CAS-3,German_B-SL,Polish_A-HL,Spanish_B-HL
23,0.55,Geography-SL,CAS-3,German_B-AB+SL,Polish_A-HL,Spanish_B-HL
22,0.53,Geography-SL,Biology-HL,German_B-AB+SL,Polish_A-HL,Spanish_B-HL
23,0.53,Geography-SL,Biology-HL,English_A-HL,German_B-AB+SL,Polish_A-HL
23,0.5,Geography-SL,Biology-HL,German_B-SL,History-HL,Polish_A-HL,Spanish_B-HL
30,0.5,Geography-SL,Biology-HL,English_A-HL,History-HL,Physics-HL,Polish_A-HL
28,0.5,Geography-SL,Biology-HL,German_B-AB,Physics-HL,Polish_A-HL,Spanish_B-HL
29,0.5,Geography-SL,Biology-HL,English_A-HL,German_B-AB,Physics-HL,Polish_A-HL
29,0.5,Geography-SL,Biology-HL,History-HL,Physics-HL,Polish_A-HL,Spanish_B-HL
24,0.5,Geography-SL,Biology-HL,English_A-HL,German_B-SL,History-HL,Polish_A-HL
27,0.83,TOK-1,CAS-3,Geography-HL
35,0.83,TOK-1,CAS-3,TOK-2
23,0.75,TOK-1,CAS-2
17,0.75,TOK-1,Chemistry-SL
35,0.5,TOK-1,BM-HL,CAS-3
27,0.83,CAS-1,Geography-HL,TOK-3
35,0.83,CAS-1,TOK-2,TOK-3
17,0.63,CAS-1,Chemistry-SL
35,0.5,CAS-1,BM-HL,TOK-3
17,1,Spanish_B-AB,History-SL
21,0.83,Spanish_B-AB,Chemistry-SL,German_B-AB+SL
19,0.83,Spanish_B-AB,Chemistry-SL,German_B-AB
20,0.83,Spanish_B-AB,Chemistry-SL,German_B-SL
17,0.67,Spanish_B-AB,German_B-SL,History-HL
30,0.75,BM-SL,German_B-AB,Math_AI-SL,TOK-2
34,0.75,BM-SL,German_B-AB,Psychology-SL,TOK-2
26,0.75,BM-SL,Geography-HL,German_B-AB,Psychology-SL
22,0.75,BM-SL,Geography-HL,German_B-AB,Math_AI-SL
30,0.7,BM-SL,Geography-HL,German_B-AB,Polish_A-SL-1,Spanish_B-HL
31,0.7,BM-SL,English_A-HL,Geography-HL,German_B-AB,Polish_A-SL-1
34,0.69,BM-SL,CAS-2,German_B-AB,Psychology-SL
30,0.69,BM-SL,CAS-2,German_B-AB,Math_AI-SL
23,0.63,BM-SL,Geography-HL,German_B-AB,Psychology-HL
31,0.63,BM-SL,German_B-AB,Psychology-HL,TOK-2
22,0.6,BM-SL,Geography-HL,German_B-AB,Polish_A-HL,Spanish_B-HL
30,0.6,BM-SL,German_B-AB,Polish_A-HL,Spanish_B-HL,TOK-2
23,0.6,BM-SL,English_A-HL,Geography-HL,German_B-AB,Polish_A-HL
31,0.56,BM-SL,CAS-2,German_B-AB,Psychology-HL
30,0.55,BM-SL,CAS-2,German_B-AB,Polish_A-HL,Spanish_B-HL
26,0.78,Biology-HL,Math_AA-HL-1,Psychology-HL
26,0.67,Biology-HL,English_A-HL,Math_AA-HL-1,Polish_A-HL
22,0.67,Biology-HL,Geography-SL,German_B-AB+SL,Math_AI-SL
31,0.67,Biology-HL,Chemistry-SL,Computer_Science-SL,Polish_A-HL
30,0.67,Biology-HL,Geography-SL,German_B-AB,Math_AI-SL,Physics-SL
31,0.67,Biology-HL,Geography-SL,History-HL,Math_AI-SL,Physics-SL
22,0.67,Biology-HL,Geography-SL,History-SL,Polish_A-HL
25,0.67,Biology-HL,Math_AA-HL-1,Polish_A-HL,Spanish_B-HL
28,0.6,Biology-HL,Geography-HL,History-HL,Math_AI-SL,Physics-SL
23,0.6,Biology-HL,Chemistry-SL,German_B-AB+SL,Polish_A-HL,Spanish_B-SL+HL
22,0.6,Biology-HL,Chemistry-SL,German_B-SL,Polish_A-HL,Spanish_B-SL+HL
27,0.6,Biology-HL,Geography-HL,German_B-AB,Math_AI-SL,Physics-SL
21,0.6,Biology-HL,Chemistry-SL,German_B-AB,Polish_A-HL,Spanish_B-SL+HL
28,0.6,Biology-HL,Geography-SL,German_B-AB,Math_AI-SL,Physics-HL
23,0.6,Biology-HL,Geography-SL,German_B-SL,History-HL,Math_AI-SL
24,0.6,Biology-HL,Chemistry-SL,Computer_Science-HL,German_B-AB,Math_AI-SL
23,0.6,Biology-HL,Chemistry-SL,German_B-AB+SL,Math_AI-SL,Spanish_B-SL
21,0.6,Biology-HL,Chemistry-SL,German_B-AB,Math_AI-SL,Spanish_B-SL
22,0.6,Biology-HL,Chemistry-SL,German_B-SL,Math_AI-SL,Spanish_B-SL
29,0.6,Biology-HL,Geography-SL,History-HL,Math_AI-SL,Physics-HL
21,0.58,Biology-HL,Chemistry-SL,German_B-SL,Psychology-HL
20,0.58,Biology-HL,Chemistry-SL,German_B-AB,Psychology-HL
22,0.58,Biology-HL,Chemistry-SL,German_B-AB+SL,Psychology-HL
31,0.56,Biology-HL,English_A-HL,Geography-SL,German_B-AB,Physics-SL,Polish_A-HL
30,0.56,Biology-HL,Geography-SL,German_B-AB,Physics-SL,Polish_A-HL,Spanish_B-HL
31,0.56,Biology-HL,Geography-SL,History-HL,Physics-SL,Polish_A-HL,Spanish_B-HL
32,0.56,Biology-HL,English_A-HL,Geography-SL,History-HL,Physics-SL,Polish_A-HL
29,0.53,Biology-HL,Geography-HL,History-HL,Physics-SL,Psychology-HL
21,0.53,Biology-HL,Geography-HL,History-SL,Polish_A-HL,Spanish_B-SL
21,0.53,Biology-HL,Geography-HL,German_B-AB+SL,Math_AI-SL,Spanish_B-SL
19,0.53,Biology-HL,Geography-HL,German_B-AB,Math_AI-SL,Spanish_B-SL
28,0.53,Biology-HL,Geography-HL,German_B-AB,Physics-SL,Psychology-HL
21,0.53,Biology-HL,Chemistry-SL,German_B-AB+SL,Polish_A-HL,Spanish_B-HL
21,0.53,Biology-HL,Geography-HL,German_B-AB+SL,Polish_A-HL,Spanish_B-SL+HL
23,0.53,Biology-HL,Computer_Science-HL,Geography-HL,History-HL,Math_AI-SL
20,0.53,Biology-HL,Chemistry-SL,German_B-SL,Polish_A-HL,Spanish_B-HL
23,0.53,Biology-HL,English_A-HL,Geography-SL,German_B-AB+SL,Polish_A-HL
22,0.53,Biology-HL,Geography-SL,German_B-AB+SL,Polish_A-HL,Spanish_B-HL
19,0.53,Biology-HL,Geography-HL,German_B-AB,Polish_A-HL,Spanish_B-SL+HL
22,0.53,Biology-HL,Computer_Science-HL,Geography-HL,German_B-AB,Math_AI-SL
25,0.53,Biology-HL,Geography-HL,German_B-AB,Math_AI-SL,Physics-HL
26,0.53,Biology-HL,Geography-HL,History-HL,Math_AI-SL,Physics-HL
27,0.5,Biology-HL,Geography-HL,German_B-AB,Physics-SL,Polish_A-HL,Spanish_B-HL
28,0.5,Biology-HL,Geography-HL,History-HL,Physics-SL,Polish_A-HL,Spanish_B-HL
24,0.5,Biology-HL,English_A-HL,Geography-SL,German_B-SL,History-HL,Polish_A-HL
23,0.5,Biology-HL,Geography-SL,German_B-SL,History-HL,Polish_A-HL,Spanish_B-HL
22,0.5,Biology-HL,Chemistry-SL,English_A-HL,German_B-AB,Polish_A-HL,Spanish_B-SL
25,0.5,Biology-HL,Chemistry-SL,Computer_Science-HL,English_A-HL,German_B-AB,Polish_A-HL
22,0.5,Biology-HL,Geography-HL,German_B-SL,History-HL,Math_AI-SL,Spanish_B-SL
29,0.5,Biology-HL,English_A-HL,Geography-SL,German_B-AB,Physics-HL,Polish_A-HL
22,0.5,Biology-HL,Geography-HL,German_B-SL,History-HL,Polish_A-HL,Spanish_B-SL+HL
29,0.5,Biology-HL,Geography-SL,History-HL,Physics-HL,Polish_A-HL,Spanish_B-HL
24,0.5,Biology-HL,Chemistry-SL,Computer_Science-HL,German_B-AB,Polish_A-HL,Spanish_B-HL
24,0.5,Biology-HL,Chemistry-SL,English_A-HL,German_B-AB+SL,Polish_A-HL,Spanish_B-SL
20,0.5,Biology-HL,Geography-HL,German_B-AB+SL,Psychology-HL
30,0.5,Biology-HL,English_A-HL,Geography-SL,History-HL,Physics-HL,Polish_A-HL
23,0.5,Biology-HL,Chemistry-SL,English_A-HL,German_B-SL,Polish_A-HL,Spanish_B-SL
28,0.5,Biology-HL,Geography-SL,German_B-AB,Physics-HL,Polish_A-HL,Spanish_B-HL
28,0.5,Biology-HL,English_A-HL,Geography-HL,German_B-AB,Physics-SL,Polish_A-HL
29,0.5,Biology-HL,English_A-HL,Geography-HL,History-HL,Physics-SL,Polish_A-HL
21,0.46,Biology-HL,Geography-HL,German_B-SL,History-HL,Psychology-HL
27,0.46,Biology-HL,Geography-HL,History-HL,Physics-HL,Psychology-HL
26,0.46,Biology-HL,Geography-HL,German_B-AB,Physics-HL,Psychology-HL
19,0.46,Biology-HL,Geography-HL,German_B-AB+SL,Polish_A-HL,Spanish_B-HL
26,0.44,Biology-HL,English_A-HL,Geography-HL,German_B-AB,Physics-HL,Polish_A-HL
27,0.44,Biology-HL,English_A-HL,Geography-HL,History-HL,Physics-HL,Polish_A-HL
23,0.44,Biology-HL,Computer_Science-HL,Geography-HL,History-HL,Polish_A-HL,Spanish_B-HL
20,0.44,Biology-HL,English_A-HL,Geography-HL,German_B-AB,Polish_A-HL,Spanish_B-SL
20,0.44,Biology-HL,Geography-HL,German_B-SL,History-HL,Polish_A-HL,Spanish_B-HL
23,0.44,Biology-HL,Computer_Science-HL,English_A-HL,Geography-HL,German_B-AB,Polish_A-HL
24,0.44,Biology-HL,Computer_Science-HL,English_A-HL,Geography-HL,History-HL,Polish_A-HL
25,0.44,Biology-HL,Geography-HL,German_B-AB,Physics-HL,Polish_A-HL,Spanish_B-HL
26,0.44,Biology-HL,Geography-HL,History-HL,Physics-HL,Polish_A-HL,Spanish_B-HL
22,0.44,Biology-HL,English_A-HL,Geography-HL,German_B-AB+SL,Polish_A-HL,Spanish_B-SL
22,0.44,Biology-HL,Computer_Science-HL,Geography-HL,German_B-AB,Polish_A-HL,Spanish_B-HL
23,0.43,Biology-HL,English_A-HL,Geography-HL,German_B-SL,History-HL,Polish_A-HL,Spanish_B-SL
21,1,Chemistry-HL,Geography-HL,German_B-SL,History-HL,Polish_A-HL,Spanish_B-HL
24,1,Chemistry-HL,Computer_Science-HL,Geography-HL,History-HL,Polish_A-HL,Spanish_B-HL
22,1,Chemistry-HL,English_A-HL,Geography-HL,German_B-SL,History-HL,Polish_A-HL
24,1,Chemistry-HL,Computer_Science-HL,English_A-HL,Geography-HL,German_B-AB,Polish_A-HL
23,1,Chemistry-HL,Computer_Science-HL,Geography-HL,German_B-AB,Polish_A-HL,Spanish_B-HL
19,1,Chemistry-HL,Geography-HL,German_B-AB,Psychology-HL
21,1,Chemistry-HL,Geography-HL,German_B-AB+SL,Psychology-HL
22,1,Chemistry-HL,Geography-HL,German_B-SL,History-HL,Psychology-HL
21,1,Chemistry-HL,English_A-HL,Geography-HL,German_B-AB+SL,Polish_A-HL
25,1,Chemistry-HL,Computer_Science-HL,English_A-HL,Geography-HL,History-HL,Polish_A-HL
20,1,Chemistry-HL,Geography-HL,German_B-AB+SL,Polish_A-HL,Spanish_B-HL
27,0.67,Chemistry-HL,Computer_Science-SL,Polish_A-HL
20,0.63,Chemistry-HL,Geography-HL,History-SL,Polish_A-HL
20,0.63,Chemistry-HL,Geography-HL,German_B-AB+SL,Math_AI-SL
21,0.6,Chemistry-HL,Geography-HL,German_B-SL,History-HL,Math_AI-SL
24,0.6,Chemistry-HL,Computer_Science-HL,Geography-HL,History-HL,Math_AI-SL
23,0.6,Chemistry-HL,Computer_Science-HL,Geography-HL,German_B-AB,Math_AI-SL
32,1,Polish_A-SL-2,English_A-SL,Polish_A-SL-1
24,0.88,Polish_A-SL-2,Geography-HL,Polish_A-SL-1,Spanish_B-SL+HL
26,0.88,Polish_A-SL-2,Polish_A-SL-1,Spanish_B-SL+HL,SSSTS-SL
20,0.83,Polish_A-SL-2,Psychology-SL,SSSTS-SL
24,0.83,Polish_A-SL-2,English_A-SL,Polish_A-HL
18,0.83,Polish_A-SL-2,Geography-HL,Psychology-SL
26,0.83,Polish_A-SL-2,Psychology-SL,TOK-2
34,0.78,Polish_A-SL-2,English_A-SL,English_B-HL-1
26,0.78,Polish_A-SL-2,BM-HL,Psychology-SL
23,0.78,Polish_A-SL-2,English_B-HL-1,Spanish_B-SL+HL
25,0.75,Polish_A-SL-2,Polish_A-SL-1,Spanish_B-SL,SSSTS-SL
18,0.75,Polish_A-SL-2,Math_AI-SL,Spanish_B-SL,SSSTS-SL
24,0.75,Polish_A-SL-2,Polish_A-HL,Spanish_B-SL+HL,TOK-2
24,0.75,Polish_A-SL-2,Math_AI-SL,Spanish_B-SL,TOK-2
22,0.75,Polish_A-SL-2,Geography-HL,Polish_A-SL-1,Spanish_B-HL
18,0.75,Polish_A-SL-2,Polish_A-HL,Spanish_B-SL+HL,SSSTS-SL
16,0.75,Polish_A-SL-2,Geography-HL,Polish_A-HL,Spanish_B-SL+HL
24,0.75,Polish_A-SL-2,Polish_A-SL-1,Spanish_B-HL,SSSTS-SL
16,0.75,Polish_A-SL-2,Geography-HL,Math_AI-SL,Spanish_B-SL
26,0.75,Polish_A-SL-2,CAS-2,Psychology-SL
25,0.7,Polish_A-SL-2,English_A-HL,Geography-HL,Polish_A-SL-1,Spanish_B-SL
24,0.69,Polish_A-SL-2,CAS-2,Polish_A-HL,Spanish_B-SL+HL
24,0.69,Polish_A-SL-2,CAS-2,Math_AI-SL,Spanish_B-SL
21,0.67,Polish_A-SL-2,English_B-HL-1,Spanish_B-HL
23,0.67,Polish_A-SL-2,Psychology-HL,TOK-2
24,0.67,Polish_A-SL-2,BM-HL,Math_AI-SL,Spanish_B-SL
23,0.67,Polish_A-SL-2,BM-HL,Psychology-HL
24,0.67,Polish_A-SL-2,BM-HL,Polish_A-HL,Spanish_B-SL+HL
15,0.67,Polish_A-SL-2,Geography-HL,Psychology-HL
17,0.67,Polish_A-SL-2,Psychology-HL,SSSTS-SL
16,0.63,Polish_A-SL-2,Polish_A-HL,Spanish_B-HL,SSSTS-SL
22,0.63,Polish_A-SL-2,Polish_A-HL,Spanish_B-HL,TOK-2
17,0.63,Polish_A-SL-2,Polish_A-HL,Spanish_B-SL,SSSTS-SL
14,0.63,Polish_A-SL-2,Geography-HL,Polish_A-HL,Spanish_B-HL
23,0.63,Polish_A-SL-2,Polish_A-HL,Spanish_B-SL,TOK-2
17,0.6,Polish_A-SL-2,English_A-HL,Geography-HL,Polish_A-HL,Spanish_B-SL
23,0.58,Polish_A-SL-2,BM-HL,Polish_A-HL,Spanish_B-SL
23,0.58,Polish_A-SL-2,CAS-2,Psychology-HL
24,0.58,Polish_A-SL-2,English_A-HL,English_B-HL-1,Spanish_B-SL
22,0.58,Polish_A-SL-2,BM-HL,Polish_A-HL,Spanish_B-HL
23,0.56,Polish_A-SL-2,CAS-2,Polish_A-HL,Spanish_B-SL
22,0.56,Polish_A-SL-2,CAS-2,Polish_A-HL,Spanish_B-HL
35,0.89,English_B-HL-2,English_A-SL,English_B-HL-1
27,0.89,English_B-HL-2,BM-HL,Psychology-SL
24,0.89,English_B-HL-2,English_B-HL-1,Spanish_B-SL+HL
24,0.78,English_B-HL-2,BM-HL,Psychology-HL
33,0.78,English_B-HL-2,English_A-SL,Polish_A-SL-1
22,0.78,English_B-HL-2,English_B-HL-1,Spanish_B-HL
25,0.75,English_B-HL-2,BM-HL,Polish_A-HL,Spanish_B-SL+HL
25,0.75,English_B-HL-2,BM-HL,Math_AI-SL,Spanish_B-SL
19,0.67,English_B-HL-2,Geography-HL,Psychology-SL
25,0.67,English_B-HL-2,Geography-HL,Polish_A-SL-1,Spanish_B-SL+HL
25,0.67,English_B-HL-2,English_A-SL,Polish_A-HL
25,0.67,English_B-HL-2,English_A-HL,English_B-HL-1,Spanish_B-SL
27,0.67,English_B-HL-2,Psychology-SL,TOK-2
24,0.67,English_B-HL-2,BM-HL,Polish_A-HL,Spanish_B-SL
23,0.67,English_B-HL-2,BM-HL,Polish_A-HL,Spanish_B-HL
25,0.58,English_B-HL-2,Polish_A-HL,Spanish_B-SL+HL,TOK-2
17,0.58,English_B-HL-2,Geography-HL,Polish_A-HL,Spanish_B-SL+HL
25,0.58,English_B-HL-2,Math_AI-SL,Spanish_B-SL,TOK-2
17,0.58,English_B-HL-2,Geography-HL,Math_AI-SL,Spanish_B-SL
23,0.58,English_B-HL-2,Geography-HL,Polish_A-SL-1,Spanish_B-HL
16,0.55,English_B-HL-2,Geography-HL,Psychology-HL
24,0.55,English_B-HL-2,Psychology-HL,TOK-2
26,0.53,English_B-HL-2,English_A-HL,Geography-HL,Polish_A-SL-1,Spanish_B-SL
23,0.5,English_B-HL-2,Polish_A-HL,Spanish_B-HL,TOK-2
24,0.5,English_B-HL-2,Polish_A-HL,Spanish_B-SL,TOK-2
15,0.5,English_B-HL-2,Geography-HL,Polish_A-HL,Spanish_B-HL
18,0.46,English_B-HL-2,English_A-HL,Geography-HL,Polish_A-HL,Spanish_B-SL
24,1,Physics-HL,History-HL,Psychology-HL,TOK-2
22,1,Physics-HL,German_B-AB,Polish_A-HL,Spanish_B-HL,TOK-2
23,1,Physics-HL,German_B-AB,Psychology-HL,TOK-2
23,1,Physics-HL,History-HL,Polish_A-HL,Spanish_B-HL,TOK-2
22,0.9,Physics-HL,CAS-2,German_B-AB,Polish_A-HL,Spanish_B-HL
23,0.9,Physics-HL,CAS-2,History-HL,Polish_A-HL,Spanish_B-HL
23,0.88,Physics-HL,CAS-2,German_B-AB,Psychology-HL
24,0.88,Physics-HL,CAS-2,History-HL,Psychology-HL
18,0.75,Physics-HL,German_B-AB,Math_AA-SL,Math_AI-SL
19,0.75,Physics-HL,History-HL,Math_AA-SL,Math_AI-SL
30,0.7,Physics-HL,Biology-SL,Geography-SL,German_B-AB,Spanish_B-HL
31,0.7,Physics-HL,Biology-SL,Geography-SL,History-HL,Spanish_B-HL
23,0.63,Physics-HL,History-HL,Math_AI-SL,TOK-2
22,0.63,Physics-HL,German_B-AB,Math_AI-SL,TOK-2
19,0.63,Physics-HL,German_B-AB,Math_AA-SL,Psychology-HL
20,0.63,Physics-HL,History-HL,Math_AA-SL,Psychology-HL
20,0.6,Physics-HL,English_A-HL,History-HL,Math_AA-SL,Polish_A-HL
27,0.6,Physics-HL,Biology-SL,Geography-HL,German_B-AB,Spanish_B-HL
19,0.6,Physics-HL,English_A-HL,German_B-AB,Math_AA-SL,Polish_A-HL
18,0.6,Physics-HL,German_B-AB,Math_AA-SL,Polish_A-HL,Spanish_B-HL
29,0.6,Physics-HL,Biology-HL,Geography-SL,History-HL,Math_AI-SL
28,0.6,Physics-HL,Biology-HL,Geography-SL,German_B-AB,Math_AI-SL
19,0.6,Physics-HL,History-HL,Math_AA-SL,Polish_A-HL,Spanish_B-HL
28,0.6,Physics-HL,Biology-SL,Geography-HL,History-HL,Spanish_B-HL
25,0.58,Physics-HL,German_B-AB,Math_AA-HL-2,Math_AI-SL
22,0.58,Physics-HL,BM-HL,German_B-AB,Math_AI-SL
23,0.58,Physics-HL,BM-HL,History-HL,Math_AI-SL
22,0.56,Physics-HL,CAS-2,German_B-AB,Math_AI-SL
23,0.56,Physics-HL,CAS-2,History-HL,Math_AI-SL
26,0.53,Physics-HL,Biology-HL,Geography-HL,History-HL,Math_AI-SL
25,0.53,Physics-HL,Biology-HL,Geography-HL,German_B-AB,Math_AI-SL
29,0.5,Physics-HL,Biology-HL,Geography-SL,History-HL,Polish_A-HL,Spanish_B-HL
24,0.5,Physics-HL,BM-HL,History-HL,Psychology-HL
23,0.5,Physics-HL,BM-HL,German_B-AB,Psychology-HL
29,0.5,Physics-HL,Biology-HL,English_A-HL,Geography-SL,German_B-AB,Polish_A-HL
30,0.5,Physics-HL,Biology-HL,English_A-HL,Geography-SL,History-HL,Polish_A-HL
28,0.5,Physics-HL,Biology-HL,Geography-SL,German_B-AB,Polish_A-HL,Spanish_B-HL
23,0.46,Physics-HL,BM-HL,History-HL,Polish_A-HL,Spanish_B-HL
22,0.46,Physics-HL,BM-HL,German_B-AB,Polish_A-HL,Spanish_B-HL
25,0.46,Physics-HL,German_B-AB,Math_AA-HL-2,Polish_A-HL,Spanish_B-HL
26,0.46,Physics-HL,Biology-HL,Geography-HL,German_B-AB,Psychology-HL
27,0.46,Physics-HL,Biology-HL,Geography-HL,History-HL,Psychology-HL
26,0.44,Physics-HL,Biology-HL,English_A-HL,Geography-HL,German_B-AB,Polish_A-HL
26,0.44,Physics-HL,Biology-HL,Geography-HL,History-HL,Polish_A-HL,Spanish_B-HL
27,0.44,Physics-HL,Biology-HL,English_A-HL,Geography-HL,History-HL,Polish_A-HL
25,0.44,Physics-HL,Biology-HL,Geography-HL,German_B-AB,Polish_A-HL,Spanish_B-HL
26,0.78,Math_AA-HL-1,Biology-HL,Psychology-HL
27,0.67,Math_AA-HL-1,Biology-SL,Spanish_B-HL
28,0.67,Math_AA-HL-1,Math_AA-HL-2,Polish_A-HL,Spanish_B-HL
25,0.67,Math_AA-HL-1,Biology-HL,Polish_A-HL,Spanish_B-HL
26,0.67,Math_AA-HL-1,Biology-HL,English_A-HL,Polish_A-HL
22,0.67,Math_AA-HL-1,Math_AA-SL,Psychology-HL
21,0.58,Math_AA-HL-1,Math_AA-SL,Polish_A-HL,Spanish_B-HL
22,0.58,Math_AA-HL-1,English_A-HL,Math_AA-SL,Polish_A-HL
22,1,German_B-SL,Chemistry-HL,English_A-HL,Geography-HL,History-HL,Polish_A-HL
19,1,German_B-SL,Geography-HL,Polish_A-HL,Spanish_B-HL,TOK-3
20,1,German_B-SL,English_A-HL,Geography-HL,Polish_A-HL,TOK-3
22,1,German_B-SL,Chemistry-HL,Geography-HL,History-HL,Psychology-HL
27,1,German_B-SL,Polish_A-HL,Spanish_B-HL,TOK-2,TOK-3
17,1,German_B-SL,History-HL,Polish_A-HL,Spanish_B-HL,TOK-2
12,1,German_B-SL,History-HL,Polish_A-HL,Spanish_B-SL,SSSTS-SL
12,1,German_B-SL,History-HL,Psychology-HL,SSSTS-SL
18,1,German_B-SL,History-HL,Polish_A-HL,Spanish_B-SL,TOK-2
18,1,German_B-SL,History-HL,Psychology-HL,TOK-2
21,1,German_B-SL,Chemistry-HL,Geography-HL,History-HL,Polish_A-HL,Spanish_B-HL
11,1,German_B-SL,History-HL,Polish_A-HL,Spanish_B-HL,SSSTS-SL
20,0.9,German_B-SL,CAS-3,English_A-HL,Geography-HL,Polish_A-HL
27,0.9,German_B-SL,CAS-3,Polish_A-HL,Spanish_B-HL,TOK-2
18,0.9,German_B-SL,CAS-2,History-HL,Polish_A-HL,Spanish_B-SL
27,0.9,German_B-SL,CAS-2,Polish_A-HL,Spanish_B-HL,TOK-3
17,0.9,German_B-SL,CAS-2,History-HL,Polish_A-HL,Spanish_B-HL
24,0.88,German_B-SL,Biology-SL,Chemistry-SL,Spanish_B-SL+HL
28,0.88,German_B-SL,CAS-3,Psychology-HL,TOK-2
18,0.88,German_B-SL,CAS-2,History-HL,Psychology-HL
20,0.88,German_B-SL,CAS-3,Geography-HL,Psychology-HL
20,0.83,German_B-SL,Chemistry-SL,Spanish_B-AB
13,0.83,German_B-SL,Chemistry-SL,Psychology-SL
23,0.75,German_B-SL,Biology-SL,Chemistry-SL,Spanish_B-SL
22,0.75,German_B-SL,Biology-SL,Chemistry-SL,Spanish_B-HL
22,0.75,German_B-SL,Geography-SL,Math_AI-SL,TOK-3
24,0.7,German_B-SL,Biology-SL,Geography-HL,History-HL,Spanish_B-SL+HL
15,0.7,German_B-SL,History-HL,Math_AA-SL,Polish_A-HL,Spanish_B-SL+HL
21,0.7,German_B-SL,History-HL,Polish_A-SL-1,Spanish_B-SL+HL,SSSTS-SL
25,0.7,German_B-SL,Biology-SL,Geography-SL,History-HL,Spanish_B-HL
15,0.7,German_B-SL,History-HL,Math_AA-SL,Math_AI-SL,Spanish_B-SL
19,0.7,German_B-SL,Geography-HL,History-HL,Polish_A-SL-1,Spanish_B-SL+HL
22,0.69,German_B-SL,CAS-3,Geography-SL,Math_AI-SL
17,0.67,German_B-SL,History-HL,Spanish_B-AB
18,0.67,German_B-SL,Math_AA-HL-2,Math_AI-SL
15,0.63,German_B-SL,History-HL,Psychology-SL,SSSTS-SL
14,0.63,German_B-SL,History-HL,Math_AA-SL,Psychology-HL
21,0.63,German_B-SL,History-HL,Psychology-SL,TOK-2
27,0.63,German_B-SL,Math_AI-SL,TOK-2,TOK-3
19,0.63,German_B-SL,Geography-HL,Math_AI-SL,TOK-3
13,0.63,German_B-SL,Geography-HL,History-HL,Psychology-SL
19,0.6,German_B-SL,History-HL,Math_AI-SL,Spanish_B-SL,TOK-2
22,0.6,German_B-SL,Geography-SL,Polish_A-HL,Spanish_B-HL,TOK-3
22,0.6,German_B-SL,Biology-SL,Geography-HL,History-HL,Spanish_B-HL
22,0.6,German_B-SL,Biology-HL,Chemistry-SL,Math_AI-SL,Spanish_B-SL
19,0.6,German_B-SL,History-HL,Polish_A-SL-1,Spanish_B-HL,SSSTS-SL
13,0.6,German_B-SL,History-HL,Math_AI-SL,Spanish_B-SL,SSSTS-SL
17,0.6,German_B-SL,Geography-HL,History-HL,Polish_A-SL-1,Spanish_B-HL
23,0.6,German_B-SL,English_A-HL,Geography-SL,Polish_A-HL,TOK-3
13,0.6,German_B-SL,History-HL,Polish_A-HL,Spanish_B-SL+HL,SSSTS-SL
19,0.6,German_B-SL,History-HL,Polish_A-HL,Spanish_B-SL+HL,TOK-2
23,0.6,German_B-SL,Biology-SL,Geography-HL,History-HL,Spanish_B-SL
28,0.6,German_B-SL,English_A-HL,Geography-HL,Polish_A-SL-1,TOK-3
22,0.6,German_B-SL,Biology-HL,Chemistry-SL,Polish_A-HL,Spanish_B-SL+HL
13,0.6,German_B-SL,History-HL,Math_AA-SL,Polish_A-HL,Spanish_B-HL
23,0.6,German_B-SL,Biology-HL,Geography-SL,History-HL,Math_AI-SL
20,0.6,German_B-SL,History-HL,Polish_A-SL-1,Spanish_B-SL,SSSTS-SL
21,0.6,German_B-SL,Chemistry-HL,Geography-HL,History-HL,Math_AI-SL
27,0.6,German_B-SL,Geography-HL,Polish_A-SL-1,Spanish_B-HL,TOK-3
21,0.58,German_B-SL,Biology-HL,Chemistry-SL,Psychology-HL
20,0.58,German_B-SL,English_A-HL,Geography-HL,History-HL,Polish_A-SL-1,Spanish_B-SL
16,0.58,German_B-SL,English_A-HL,History-HL,Math_AA-SL,Polish_A-HL,Spanish_B-SL
18,0.58,German_B-SL,English_B-HL-1,History-HL,Spanish_B-SL+HL
27,0.58,German_B-SL,BM-HL,Math_AI-SL,TOK-3
21,0.58,German_B-SL,BM-HL,History-HL,Psychology-SL
27,0.56,German_B-SL,CAS-2,Math_AI-SL,TOK-3
21,0.56,German_B-SL,CAS-2,History-HL,Psychology-SL
31,0.56,German_B-SL,CAS-3,Psychology-SL,TOK-2
19,0.56,German_B-SL,CAS-3,Geography-HL,Math_AI-SL
23,0.56,German_B-SL,CAS-3,Geography-HL,Psychology-SL
27,0.56,German_B-SL,CAS-3,Math_AI-SL,TOK-2
22,0.55,German_B-SL,CAS-3,Geography-SL,Polish_A-HL,Spanish_B-HL
27,0.55,German_B-SL,CAS-3,Geography-HL,Polish_A-SL-1,Spanish_B-HL
28,0.55,German_B-SL,CAS-3,English_A-HL,Geography-HL,Polish_A-SL-1
19,0.55,German_B-SL,CAS-2,History-HL,Math_AI-SL,Spanish_B-SL
23,0.55,German_B-SL,CAS-3,English_A-HL,Geography-SL,Polish_A-HL
19,0.55,German_B-SL,CAS-2,History-HL,Polish_A-HL,Spanish_B-SL+HL
31,0.54,German_B-SL,BM-HL,CAS-3,Psychology-SL
27,0.54,German_B-SL,BM-HL,CAS-3,Math_AI-SL
20,0.53,German_B-SL,Biology-HL,Chemistry-SL,Polish_A-HL,Spanish_B-HL
19,0.53,German_B-SL,BM-HL,History-HL,Math_AI-SL,Spanish_B-SL
19,0.53,German_B-SL,BM-HL,History-HL,Polish_A-HL,Spanish_B-SL+HL
22,0.5,German_B-SL,Biology-HL,Geography-HL,History-HL,Polish_A-HL,Spanish_B-SL+HL
26,0.5,German_B-SL,English_B-HL-1,Spanish_B-HL,TOK-3
27,0.5,German_B-SL,English_A-HL,English_B-HL-1,TOK-3
22,0.5,German_B-SL,Biology-HL,Geography-HL,History-HL,Math_AI-SL,Spanish_B-SL
18,0.5,German_B-SL,Math_AA-HL-2,Polish_A-HL,Spanish_B-HL
23,0.5,German_B-SL,Biology-HL,Chemistry-SL,English_A-HL,Polish_A-HL,Spanish_B-SL
23,0.5,German_B-SL,Biology-HL,Geography-SL,History-HL,Polish_A-HL,Spanish_B-HL
18,0.5,German_B-SL,BM-HL,History-HL,Psychology-HL
24,0.5,German_B-SL,Biology-HL,English_A-HL,Geography-SL,History-HL,Polish_A-HL
16,0.5,German_B-SL,English_B-HL-1,History-HL,Spanish_B-HL
26,0.46,German_B-SL,CAS-3,English_B-HL-1,Spanish_B-HL
18,0.46,German_B-SL,BM-HL,History-HL,Polish_A-HL,Spanish_B-SL
27,0.46,German_B-SL,BM-HL,Polish_A-HL,Spanish_B-HL,TOK-3
21,0.46,German_B-SL,Biology-HL,Geography-HL,History-HL,Psychology-HL
19,0.46,German_B-SL,English_A-HL,English_B-HL-1,History-HL,Spanish_B-SL
27,0.46,German_B-SL,CAS-3,English_A-HL,English_B-HL-1
17,0.46,German_B-SL,BM-HL,History-HL,Polish_A-HL,Spanish_B-HL
28,0.46,German_B-SL,BM-HL,CAS-3,Psychology-HL
20,0.44,German_B-SL,Biology-HL,Geography-HL,History-HL,Polish_A-HL,Spanish_B-HL
27,0.43,German_B-SL,BM-HL,CAS-3,Polish_A-HL,Spanish_B-HL
23,0.43,German_B-SL,Biology-HL,English_A-HL,Geography-HL,History-HL,Polish_A-HL,Spanish_B-SL
12,1,Polish_A-HL,German_B-SL,History-HL,Spanish_B-SL,SSSTS-SL
28,1,Polish_A-HL,German_B-AB+SL,Spanish_B-HL,TOK-2,TOK-3
21,1,Polish_A-HL,Chemistry-HL,English_A-HL,Geography-HL,German_B-AB+SL
21,1,Polish_A-HL,Chemistry-HL,Geography-HL,German_B-SL,History-HL,Spanish_B-HL
19,1,Polish_A-HL,Geography-HL,German_B-SL,Spanish_B-HL,TOK-3
14,1,Polish_A-HL,Computer_Science-HL,History-HL,Spanish_B-HL,SSSTS-SL
23,1,Polish_A-HL,Chemistry-HL,Computer_Science-HL,Geography-HL,German_B-AB,Spanish_B-HL
20,1,Polish_A-HL,Chemistry-HL,Geography-HL,German_B-AB+SL,Spanish_B-HL
27,1,Polish_A-HL,German_B-SL,Spanish_B-HL,TOK-2,TOK-3
19,1,Polish_A-HL,English_A-HL,Geography-HL,German_B-AB,TOK-3
26,1,Polish_A-HL,German_B-AB,Spanish_B-HL,TOK-2,TOK-3
23,1,Polish_A-HL,History-HL,Physics-HL,Spanish_B-HL,TOK-2
22,1,Polish_A-HL,German_B-AB,Physics-HL,Spanish_B-HL,TOK-2
17,1,Polish_A-HL,German_B-SL,History-HL,Spanish_B-HL,TOK-2
11,1,Polish_A-HL,German_B-AB+SL,Spanish_B-SL,SSSTS-SL
25,1,Polish_A-HL,Chemistry-HL,Computer_Science-HL,English_A-HL,Geography-HL,History-HL
13,1,Polish_A-HL,Computer_Science-HL,German_B-AB,Spanish_B-HL,SSSTS-SL
24,1,Polish_A-HL,Chemistry-HL,Computer_Science-HL,Geography-HL,History-HL,Spanish_B-HL
17,1,Polish_A-HL,German_B-AB+SL,Spanish_B-SL,TOK-2
20,1,Polish_A-HL,English_A-HL,Geography-HL,German_B-SL,TOK-3
9,1,Polish_A-HL,German_B-AB,Spanish_B-SL,SSSTS-SL
24,1,Polish_A-HL,Chemistry-HL,Computer_Science-HL,English_A-HL,Geography-HL,German_B-AB
15,1,Polish_A-HL,German_B-AB,Spanish_B-SL,TOK-2
22,1,Polish_A-HL,Chemistry-HL,English_A-HL,Geography-HL,German_B-SL,History-HL
11,1,Polish_A-HL,German_B-SL,History-HL,Spanish_B-HL,SSSTS-SL
21,1,Polish_A-HL,English_A-HL,Geography-HL,German_B-AB+SL,TOK-3
18,1,Polish_A-HL,Geography-HL,German_B-AB,Spanish_B-HL,TOK-3
18,1,Polish_A-HL,German_B-SL,History-HL,Spanish_B-SL,TOK-2
20,1,Polish_A-HL,Geography-HL,German_B-AB+SL,Spanish_B-HL,TOK-3
27,0.9,Polish_A-HL,CAS-2,German_B-SL,Spanish_B-HL,TOK-3
18,0.9,Polish_A-HL,CAS-3,Geography-HL,German_B-AB,Spanish_B-HL
26,0.9,Polish_A-HL,CAS-2,German_B-AB,Spanish_B-HL,TOK-3
26,0.9,Polish_A-HL,CAS-3,German_B-AB,Spanish_B-HL,TOK-2
28,0.9,Polish_A-HL,CAS-2,German_B-AB+SL,Spanish_B-HL,TOK-3
20,0.9,Polish_A-HL,CAS-3,English_A-HL,Geography-HL,German_B-SL
19,0.9,Polish_A-HL,CAS-3,English_A-HL,Geography-HL,German_B-AB
17,0.9,Polish_A-HL,CAS-2,German_B-SL,History-HL,Spanish_B-HL
19,0.9,Polish_A-HL,CAS-3,Geography-HL,German_B-SL,Spanish_B-HL
23,0.9,Polish_A-HL,CAS-2,History-HL,Physics-HL,Spanish_B-HL
21,0.9,Polish_A-HL,CAS-3,English_A-HL,Geography-HL,German_B-AB+SL
27,0.9,Polish_A-HL,CAS-3,German_B-SL,Spanish_B-HL,TOK-2
20,0.9,Polish_A-HL,CAS-3,Geography-HL,German_B-AB+SL,Spanish_B-HL
28,0.9,Polish_A-HL,CAS-3,German_B-AB+SL,Spanish_B-HL,TOK-2
22,0.9,Polish_A-HL,CAS-2,German_B-AB,Physics-HL,Spanish_B-HL
18,0.9,Polish_A-HL,CAS-2,German_B-SL,History-HL,Spanish_B-SL
17,0.88,Polish_A-HL,CAS-2,German_B-AB+SL,Spanish_B-SL
15,0.88,Polish_A-HL,CAS-2,German_B-AB,Spanish_B-SL
24,0.83,Polish_A-HL,English_A-SL,Polish_A-SL-2
21,0.75,Polish_A-HL,Chemistry-SL,English_A-SL,German_B-AB
18,0.75,Polish_A-HL,Polish_A-SL-2,Spanish_B-SL+HL,SSSTS-SL
25,0.75,Polish_A-HL,BM-HL,English_B-HL-2,Spanish_B-SL+HL
24,0.75,Polish_A-HL,Polish_A-SL-2,Spanish_B-SL+HL,TOK-2
24,0.75,Polish_A-HL,English_A-SL,History-HL,Math_AA-SL
14,0.75,Polish_A-HL,History-SL,Math_AA-SL,Spanish_B-SL
16,0.75,Polish_A-HL,Geography-HL,Polish_A-SL-2,Spanish_B-SL+HL
23,0.75,Polish_A-HL,English_A-SL,German_B-AB,Math_AA-SL
12,0.75,Polish_A-HL,German_B-AB,Math_AA-SL,Spanish_B-SL+HL
14,0.75,Polish_A-HL,German_B-AB+SL,Math_AA-SL,Spanish_B-SL+HL
21,0.7,Polish_A-HL,English_A-HL,German_B-AB,Math_AA-SL,Physics-SL
15,0.7,Polish_A-HL,German_B-SL,History-HL,Math_AA-SL,Spanish_B-SL+HL
22,0.7,Polish_A-HL,English_A-HL,History-HL,Math_AA-SL,Physics-SL
20,0.7,Polish_A-HL,German_B-AB,Math_AA-SL,Physics-SL,Spanish_B-HL
21,0.7,Polish_A-HL,History-HL,Math_AA-SL,Physics-SL,Spanish_B-HL
24,0.69,Polish_A-HL,CAS-2,Polish_A-SL-2,Spanish_B-SL+HL
31,0.67,Polish_A-HL,Biology-HL,Chemistry-SL,Computer_Science-SL
27,0.67,Polish_A-HL,Chemistry-HL,Computer_Science-SL
25,0.67,Polish_A-HL,English_A-SL,English_B-HL-2
28,0.67,Polish_A-HL,Math_AA-HL-1,Math_AA-HL-2,Spanish_B-HL
25,0.67,Polish_A-HL,Biology-HL,Math_AA-HL-1,Spanish_B-HL
22,0.67,Polish_A-HL,Biology-HL,Geography-SL,History-SL
26,0.67,Polish_A-HL,Biology-HL,English_A-HL,Math_AA-HL-1
23,0.67,Polish_A-HL,BM-HL,English_B-HL-2,Spanish_B-HL
24,0.67,Polish_A-HL,BM-HL,Polish_A-SL-2,Spanish_B-SL+HL
24,0.67,Polish_A-HL,BM-HL,English_B-HL-2,Spanish_B-SL
12,0.63,Polish_A-HL,German_B-AB+SL,Math_AA-SL,Spanish_B-HL
14,0.63,Polish_A-HL,Geography-HL,Polish_A-SL-2,Spanish_B-HL
16,0.63,Polish_A-HL,Polish_A-SL-2,Spanish_B-HL,SSSTS-SL
22,0.63,Polish_A-HL,Polish_A-SL-2,Spanish_B-HL,TOK-2
23,0.63,Polish_A-HL,Polish_A-SL-2,Spanish_B-SL,TOK-2
18,0.63,Polish_A-HL,History-SL,Spanish_B-SL,TOK-2
12,0.63,Polish_A-HL,German_B-AB+SL,Spanish_B-SL+HL,SSSTS-SL
17,0.63,Polish_A-HL,Polish_A-SL-2,Spanish_B-SL,SSSTS-SL
18,0.63,Polish_A-HL,German_B-AB+SL,Spanish_B-SL+HL,TOK-2
12,0.63,Polish_A-HL,History-SL,Spanish_B-SL,SSSTS-SL
20,0.63,Polish_A-HL,Chemistry-HL,Geography-HL,History-SL
16,0.63,Polish_A-HL,German_B-AB,Spanish_B-SL+HL,TOK-2
10,0.63,Polish_A-HL,German_B-AB,Spanish_B-SL+HL,SSSTS-SL
24,0.6,Polish_A-HL,English_A-HL,Geography-SL,German_B-AB+SL,TOK-3
30,0.6,Polish_A-HL,BM-SL,German_B-AB,Spanish_B-HL,TOK-2
22,0.6,Polish_A-HL,BM-SL,Geography-HL,German_B-AB,Spanish_B-HL
23,0.6,Polish_A-HL,BM-SL,English_A-HL,Geography-HL,German_B-AB
22,0.6,Polish_A-HL,Biology-HL,Chemistry-SL,German_B-SL,Spanish_B-SL+HL
19,0.6,Polish_A-HL,German_B-SL,History-HL,Spanish_B-SL+HL,TOK-2
17,0.6,Polish_A-HL,English_A-HL,Geography-HL,Polish_A-SL-2,Spanish_B-SL
19,0.6,Polish_A-HL,English_A-HL,German_B-AB,Math_AA-SL,Physics-HL
13,0.6,Polish_A-HL,English_A-HL,German_B-AB,Math_AA-SL,Spanish_B-SL
18,0.6,Polish_A-HL,German_B-AB,Math_AA-SL,Physics-HL,Spanish_B-HL
22,0.6,Polish_A-HL,Geography-SL,German_B-SL,Spanish_B-HL,TOK-3
23,0.6,Polish_A-HL,Geography-SL,German_B-AB+SL,Spanish_B-HL,TOK-3
13,0.6,Polish_A-HL,German_B-SL,History-HL,Spanish_B-SL+HL,SSSTS-SL
23,0.6,Polish_A-HL,English_A-HL,Geography-SL,German_B-SL,TOK-3
13,0.6,Polish_A-HL,German_B-SL,History-HL,Math_AA-SL,Spanish_B-HL
22,0.6,Polish_A-HL,English_A-HL,Geography-SL,German_B-AB,TOK-3
21,0.6,Polish_A-HL,Biology-HL,Chemistry-SL,German_B-AB,Spanish_B-SL+HL
15,0.6,Polish_A-HL,English_A-HL,German_B-AB+SL,Math_AA-SL,Spanish_B-SL
21,0.6,Polish_A-HL,Geography-SL,German_B-AB,Spanish_B-HL,TOK-3
20,0.6,Polish_A-HL,English_A-HL,History-HL,Math_AA-SL,Physics-HL
19,0.6,Polish_A-HL,History-HL,Math_AA-SL,Physics-HL,Spanish_B-HL
23,0.6,Polish_A-HL,Biology-HL,Chemistry-SL,German_B-AB+SL,Spanish_B-SL+HL
16,0.58,Polish_A-HL,English_A-HL,German_B-SL,History-HL,Math_AA-SL,Spanish_B-SL
22,0.58,Polish_A-HL,English_A-HL,Math_AA-HL-1,Math_AA-SL
18,0.58,Polish_A-HL,BM-HL,History-SL,Spanish_B-SL
21,0.58,Polish_A-HL,Math_AA-HL-1,Math_AA-SL,Spanish_B-HL
16,0.58,Polish_A-HL,BM-HL,German_B-AB,Spanish_B-SL+HL
23,0.58,Polish_A-HL,BM-HL,Polish_A-SL-2,Spanish_B-SL
17,0.58,Polish_A-HL,English_B-HL-2,Geography-HL,Spanish_B-SL+HL
25,0.58,Polish_A-HL,English_B-HL-2,Spanish_B-SL+HL,TOK-2
18,0.58,Polish_A-HL,BM-HL,German_B-AB+SL,Spanish_B-SL+HL
22,0.58,Polish_A-HL,BM-HL,Polish_A-SL-2,Spanish_B-HL
30,0.56,Polish_A-HL,Biology-HL,Geography-SL,German_B-AB,Physics-SL,Spanish_B-HL
22,0.56,Polish_A-HL,CAS-2,Polish_A-SL-2,Spanish_B-HL
31,0.56,Polish_A-HL,Biology-HL,English_A-HL,Geography-SL,German_B-AB,Physics-SL
32,0.56,Polish_A-HL,Biology-HL,English_A-HL,Geography-SL,History-HL,Physics-SL
23,0.56,Polish_A-HL,CAS-2,Polish_A-SL-2,Spanish_B-SL
31,0.56,Polish_A-HL,Biology-HL,Geography-SL,History-HL,Physics-SL,Spanish_B-HL
18,0.56,Polish_A-HL,CAS-2,History-SL,Spanish_B-SL
18,0.56,Polish_A-HL,CAS-2,German_B-AB+SL,Spanish_B-SL+HL
16,0.56,Polish_A-HL,CAS-2,German_B-AB,Spanish_B-SL+HL
21,0.55,Polish_A-HL,CAS-3,Geography-SL,German_B-AB,Spanish_B-HL
30,0.55,Polish_A-HL,BM-SL,CAS-2,German_B-AB,Spanish_B-HL
22,0.55,Polish_A-HL,CAS-3,Geography-SL,German_B-SL,Spanish_B-HL
19,0.55,Polish_A-HL,CAS-2,German_B-SL,History-HL,Spanish_B-SL+HL
24,0.55,Polish_A-HL,CAS-3,English_A-HL,Geography-SL,German_B-AB+SL
22,0.55,Polish_A-HL,CAS-3,English_A-HL,Geography-SL,German_B-AB
23,0.55,Polish_A-HL,CAS-3,English_A-HL,Geography-SL,German_B-SL
27,0.53,Polish_A-HL,German_B-AB,Math_AA-HL-2,Physics-SL,Spanish_B-HL
19,0.53,Polish_A-HL,BM-HL,German_B-SL,History-HL,Spanish_B-SL+HL
21,0.53,Polish_A-HL,Biology-HL,Geography-HL,History-SL,Spanish_B-SL
21,0.53,Polish_A-HL,Biology-HL,Geography-HL,German_B-AB+SL,Spanish_B-SL+HL
22,0.53,Polish_A-HL,Biology-HL,Geography-SL,German_B-AB+SL,Spanish_B-HL
23,0.53,Polish_A-HL,Biology-HL,English_A-HL,Geography-SL,German_B-AB+SL
19,0.53,Polish_A-HL,Biology-HL,Geography-HL,German_B-AB,Spanish_B-SL+HL
21,0.53,Polish_A-HL,Biology-HL,Chemistry-SL,German_B-AB+SL,Spanish_B-HL
24,0.5,Polish_A-HL,Biology-HL,Chemistry-SL,Computer_Science-HL,German_B-AB,Spanish_B-HL
25,0.5,Polish_A-HL,Biology-HL,Chemistry-SL,Computer_Science-HL,English_A-HL,German_B-AB
28,0.5,Polish_A-HL,Biology-HL,Geography-SL,German_B-AB,Physics-HL,Spanish_B-HL
22,0.5,Polish_A-HL,Biology-HL,Geography-HL,German_B-SL,History-HL,Spanish_B-SL+HL
23,0.5,Polish_A-HL,Biology-HL,Chemistry-SL,English_A-HL,German_B-SL,Spanish_B-SL
23,0.5,Polish_A-HL,Biology-HL,Geography-SL,German_B-SL,History-HL,Spanish_B-HL
24,0.5,Polish_A-HL,Biology-HL,Chemistry-SL,English_A-HL,German_B-AB+SL,Spanish_B-SL
30,0.5,Polish_A-HL,Biology-HL,English_A-HL,Geography-SL,History-HL,Physics-HL
28,0.5,Polish_A-HL,Biology-HL,Geography-HL,History-HL,Physics-SL,Spanish_B-HL
29,0.5,Polish_A-HL,Biology-HL,English_A-HL,Geography-SL,German_B-AB,Physics-HL
18,0.5,Polish_A-HL,German_B-SL,Math_AA-HL-2,Spanish_B-HL
29,0.5,Polish_A-HL,Biology-HL,Geography-SL,History-HL,Physics-HL,Spanish_B-HL
23,0.5,Polish_A-HL,English_B-HL-2,Spanish_B-HL,TOK-2
19,0.5,Polish_A-HL,German_B-AB+SL,Math_AA-HL-2,Spanish_B-HL
15,0.5,Polish_A-HL,English_B-HL-2,Geography-HL,Spanish_B-HL
29,0.5,Polish_A-HL,Biology-HL,English_A-HL,Geography-HL,History-HL,Physics-SL
24,0.5,Polish_A-HL,English_B-HL-2,Spanish_B-SL,TOK-2
28,0.5,Polish_A-HL,Biology-HL,English_A-HL,Geography-HL,German_B-AB,Physics-SL
24,0.5,Polish_A-HL,Biology-HL,English_A-HL,Geography-SL,German_B-SL,History-HL
22,0.5,Polish_A-HL,Biology-HL,Chemistry-SL,English_A-HL,German_B-AB,Spanish_B-SL
27,0.5,Polish_A-HL,Biology-HL,Geography-HL,German_B-AB,Physics-SL,Spanish_B-HL
15,0.5,Polish_A-HL,BM-HL,German_B-AB,Spanish_B-SL
18,0.46,Polish_A-HL,English_A-HL,English_B-HL-2,Geography-HL,Spanish_B-SL
19,0.46,Polish_A-HL,Biology-HL,Geography-HL,German_B-AB+SL,Spanish_B-HL
25,0.46,Polish_A-HL,German_B-AB,Math_AA-HL-2,Physics-HL,Spanish_B-HL
23,0.46,Polish_A-HL,BM-HL,History-HL,Physics-HL,Spanish_B-HL
18,0.46,Polish_A-HL,BM-HL,German_B-SL,History-HL,Spanish_B-SL
17,0.46,Polish_A-HL,BM-HL,German_B-SL,History-HL,Spanish_B-HL
22,0.46,Polish_A-HL,BM-HL,German_B-AB,Physics-HL,Spanish_B-HL
27,0.46,Polish_A-HL,BM-HL,German_B-SL,Spanish_B-HL,TOK-3
26,0.46,Polish_A-HL,BM-HL,German_B-AB,Spanish_B-HL,TOK-3
28,0.46,Polish_A-HL,BM-HL,German_B-AB+SL,Spanish_B-HL,TOK-3
23,0.44,Polish_A-HL,Biology-HL,Computer_Science-HL,Geography-HL,History-HL,Spanish_B-HL
20,0.44,Polish_A-HL,Biology-HL,English_A-HL,Geography-HL,German_B-AB,Spanish_B-SL
26,0.44,Polish_A-HL,Biology-HL,Geography-HL,History-HL,Physics-HL,Spanish_B-HL
23,0.44,Polish_A-HL,Biology-HL,Computer_Science-HL,English_A-HL,Geography-HL,German_B-AB
27,0.44,Polish_A-HL,Biology-HL,English_A-HL,Geography-HL,History-HL,Physics-HL
22,0.44,Polish_A-HL,Biology-HL,Computer_Science-HL,Geography-HL,German_B-AB,Spanish_B-HL
26,0.44,Polish_A-HL,Biology-HL,English_A-HL,Geography-HL,German_B-AB,Physics-HL
22,0.44,Polish_A-HL,Biology-HL,English_A-HL,Geography-HL,German_B-AB+SL,Spanish_B-SL
25,0.44,Polish_A-HL,Biology-HL,Geography-HL,German_B-AB,Physics-HL,Spanish_B-HL
24,0.44,Polish_A-HL,Biology-HL,Computer_Science-HL,English_A-HL,Geography-HL,History-HL
28,0.43,Polish_A-HL,BM-HL,CAS-3,German_B-AB+SL,Spanish_B-HL
27,0.43,Polish_A-HL,BM-HL,CAS-3,German_B-SL,Spanish_B-HL
23,0.43,Polish_A-HL,Biology-HL,English_A-HL,Geography-HL,German_B-SL,History-HL,Spanish_B-SL
26,0.43,Polish_A-HL,BM-HL,CAS-3,German_B-AB,Spanish_B-HL
35,0.89,English_B-HL-1,English_A-SL,English_B-HL-2
24,0.89,English_B-HL-1,English_B-HL-2,Spanish_B-SL+HL
22,0.78,English_B-HL-1,English_B-HL-2,Spanish_B-HL
34,0.78,English_B-HL-1,English_A-SL,Polish_A-SL-2
23,0.78,English_B-HL-1,Polish_A-SL-2,Spanish_B-SL+HL
17,0.67,English_B-HL-1,German_B-AB+SL,Spanish_B-SL+HL
17,0.67,English_B-HL-1,History-SL,Spanish_B-SL
21,0.67,English_B-HL-1,Polish_A-SL-2,Spanish_B-HL
25,0.67,English_B-HL-1,English_A-HL,English_B-HL-2,Spanish_B-SL
26,0.67,English_B-HL-1,English_A-SL,German_B-AB
27,0.67,English_B-HL-1,English_A-SL,History-HL
15,0.67,English_B-HL-1,German_B-AB,Spanish_B-SL+HL
18,0.58,English_B-HL-1,German_B-SL,History-HL,Spanish_B-SL+HL
24,0.58,English_B-HL-1,English_A-HL,Polish_A-SL-2,Spanish_B-SL
27,0.5,English_B-HL-1,German_B-AB+SL,Spanish_B-HL,TOK-3
27,0.5,English_B-HL-1,English_A-HL,German_B-SL,TOK-3
18,0.5,English_B-HL-1,English_A-HL,German_B-AB+SL,Spanish_B-SL
26,0.5,English_B-HL-1,German_B-SL,Spanish_B-HL,TOK-3
28,0.5,English_B-HL-1,English_A-HL,German_B-AB+SL,TOK-3
26,0.5,English_B-HL-1,English_A-HL,German_B-AB,TOK-3
25,0.5,English_B-HL-1,German_B-AB,Spanish_B-HL,TOK-3
16,0.5,English_B-HL-1,English_A-HL,German_B-AB,Spanish_B-SL
16,0.5,English_B-HL-1,German_B-SL,History-HL,Spanish_B-HL
19,0.46,English_B-HL-1,English_A-HL,German_B-SL,History-HL,Spanish_B-SL
26,0.46,English_B-HL-1,CAS-3,English_A-HL,German_B-AB
27,0.46,English_B-HL-1,CAS-3,German_B-AB+SL,Spanish_B-HL
25,0.46,English_B-HL-1,CAS-3,German_B-AB,Spanish_B-HL
26,0.46,English_B-HL-1,CAS-3,German_B-SL,Spanish_B-HL
27,0.46,English_B-HL-1,CAS-3,English_A-HL,German_B-SL
28,0.46,English_B-HL-1,CAS-3,English_A-HL,German_B-AB+SL
24,1,Biology-SL,Geography-SL,History-SL
25,0.88,Biology-SL,Chemistry-SL,German_B-AB+SL,Spanish_B-SL+HL
24,0.88,Biology-SL,Chemistry-SL,German_B-SL,Spanish_B-SL+HL
23,0.88,Biology-SL,Chemistry-SL,German_B-AB,Spanish_B-SL+HL
33,0.8,Biology-SL,Geography-SL,History-HL,Physics-SL,Spanish_B-HL
32,0.8,Biology-SL,Geography-SL,German_B-AB,Physics-SL,Spanish_B-HL
21,0.75,Biology-SL,Geography-HL,German_B-AB,Spanish_B-SL+HL
22,0.75,Biology-SL,Chemistry-SL,German_B-AB,Spanish_B-SL
24,0.75,Biology-SL,Geography-SL,German_B-AB+SL,Spanish_B-HL
23,0.75,Biology-SL,Geography-HL,History-SL,Spanish_B-SL
23,0.75,Biology-SL,Chemistry-SL,German_B-SL,Spanish_B-SL
22,0.75,Biology-SL,Chemistry-SL,German_B-SL,Spanish_B-HL
24,0.75,Biology-SL,Chemistry-SL,German_B-AB+SL,Spanish_B-SL
23,0.75,Biology-SL,Geography-HL,German_B-AB+SL,Spanish_B-SL+HL
23,0.75,Biology-SL,Chemistry-SL,German_B-AB+SL,Spanish_B-HL
25,0.7,Biology-SL,Geography-SL,German_B-SL,History-HL,Spanish_B-HL
24,0.7,Biology-SL,Geography-HL,German_B-SL,History-HL,Spanish_B-SL+HL
30,0.7,Biology-SL,Geography-SL,German_B-AB,Physics-HL,Spanish_B-HL
26,0.7,Biology-SL,Chemistry-SL,Computer_Science-HL,German_B-AB,Spanish_B-HL
31,0.7,Biology-SL,Geography-SL,History-HL,Physics-HL,Spanish_B-HL
30,0.7,Biology-SL,Geography-HL,History-HL,Physics-SL,Spanish_B-HL
29,0.7,Biology-SL,Geography-HL,German_B-AB,Physics-SL,Spanish_B-HL
27,0.67,Biology-SL,Math_AA-HL-1,Spanish_B-HL
22,0.63,Biology-SL,Geography-HL,German_B-AB+SL,Spanish_B-SL
21,0.63,Biology-SL,Geography-HL,German_B-AB+SL,Spanish_B-HL
20,0.63,Biology-SL,Geography-HL,German_B-AB,Spanish_B-SL
24,0.6,Biology-SL,Computer_Science-HL,Geography-HL,German_B-AB,Spanish_B-HL
25,0.6,Biology-SL,Computer_Science-HL,Geography-HL,History-HL,Spanish_B-HL
23,0.6,Biology-SL,Geography-HL,German_B-SL,History-HL,Spanish_B-SL
28,0.6,Biology-SL,Geography-HL,History-HL,Physics-HL,Spanish_B-HL
22,0.6,Biology-SL,Geography-HL,German_B-SL,History-HL,Spanish_B-HL
27,0.6,Biology-SL,Geography-HL,German_B-AB,Physics-HL,Spanish_B-HL
21,0.88,Math_AI-SL,History-HL,Math_AA-SL,Physics-SL
20,0.88,Math_AI-SL,German_B-AB,Math_AA-SL,Physics-SL
16,0.75,Math_AI-SL,Geography-HL,Polish_A-SL-2,Spanish_B-SL
24,0.75,Math_AI-SL,Polish_A-SL-2,Spanish_B-SL,TOK-2
22,0.75,Math_AI-SL,BM-SL,Geography-HL,German_B-AB
30,0.75,Math_AI-SL,BM-SL,German_B-AB,TOK-2
19,0.75,Math_AI-SL,History-HL,Math_AA-SL,Physics-HL
14,0.75,Math_AI-SL,German_B-AB+SL,Math_AA-SL,Spanish_B-SL
25,0.75,Math_AI-SL,BM-HL,English_B-HL-2,Spanish_B-SL
21,0.75,Math_AI-SL,Geography-SL,German_B-AB,TOK-3
23,0.75,Math_AI-SL,Geography-SL,German_B-AB+SL,TOK-3
18,0.75,Math_AI-SL,Polish_A-SL-2,Spanish_B-SL,SSSTS-SL
22,0.75,Math_AI-SL,Geography-SL,German_B-SL,TOK-3
18,0.75,Math_AI-SL,German_B-AB,Math_AA-SL,Physics-HL
12,0.75,Math_AI-SL,German_B-AB,Math_AA-SL,Spanish_B-SL
15,0.7,Math_AI-SL,German_B-SL,History-HL,Math_AA-SL,Spanish_B-SL
30,0.69,Math_AI-SL,BM-SL,CAS-2,German_B-AB
24,0.69,Math_AI-SL,CAS-2,Polish_A-SL-2,Spanish_B-SL
22,0.69,Math_AI-SL,CAS-3,Geography-SL,German_B-SL
21,0.69,Math_AI-SL,CAS-3,Geography-SL,German_B-AB
23,0.69,Math_AI-SL,CAS-3,Geography-SL,German_B-AB+SL
31,0.67,Math_AI-SL,Biology-HL,Geography-SL,History-HL,Physics-SL
18,0.67,Math_AI-SL,German_B-SL,Math_AA-HL-2
19,0.67,Math_AI-SL,German_B-AB+SL,Math_AA-HL-2
22,0.67,Math_AI-SL,Biology-HL,Geography-SL,German_B-AB+SL
24,0.67,Math_AI-SL,BM-HL,Polish_A-SL-2,Spanish_B-SL
27,0.67,Math_AI-SL,German_B-AB,Math_AA-HL-2,Physics-SL
30,0.67,Math_AI-SL,Biology-HL,Geography-SL,German_B-AB,Physics-SL
19,0.63,Math_AI-SL,Geography-HL,German_B-SL,TOK-3
26,0.63,Math_AI-SL,German_B-AB,TOK-2,TOK-3
28,0.63,Math_AI-SL,German_B-AB+SL,TOK-2,TOK-3
20,0.63,Math_AI-SL,Chemistry-HL,Geography-HL,German_B-AB+SL
23,0.63,Math_AI-SL,History-HL,Physics-HL,TOK-2
14,0.63,Math_AI-SL,Computer_Science-HL,History-HL,SSSTS-SL
12,0.63,Math_AI-SL,German_B-AB+SL,Spanish_B-SL,SSSTS-SL
13,0.63,Math_AI-SL,Computer_Science-HL,German_B-AB,SSSTS-SL
22,0.63,Math_AI-SL,German_B-AB,Physics-HL,TOK-2
27,0.63,Math_AI-SL,German_B-SL,TOK-2,TOK-3
10,0.63,Math_AI-SL,German_B-AB,Spanish_B-SL,SSSTS-SL
18,0.63,Math_AI-SL,Geography-HL,German_B-AB,TOK-3
16,0.63,Math_AI-SL,German_B-AB,Spanish_B-SL,TOK-2
18,0.63,Math_AI-SL,German_B-AB+SL,Spanish_B-SL,TOK-2
20,0.63,Math_AI-SL,Geography-HL,German_B-AB+SL,TOK-3
19,0.6,Math_AI-SL,German_B-SL,History-HL,Spanish_B-SL,TOK-2
24,0.6,Math_AI-SL,Biology-HL,Chemistry-SL,Computer_Science-HL,German_B-AB
23,0.6,Math_AI-SL,Biology-HL,Chemistry-SL,German_B-AB+SL,Spanish_B-SL
28,0.6,Math_AI-SL,Biology-HL,Geography-SL,German_B-AB,Physics-HL
23,0.6,Math_AI-SL,Chemistry-HL,Computer_Science-HL,Geography-HL,German_B-AB
22,0.6,Math_AI-SL,Biology-HL,Chemistry-SL,German_B-SL,Spanish_B-SL
13,0.6,Math_AI-SL,German_B-SL,History-HL,Spanish_B-SL,SSSTS-SL
27,0.6,Math_AI-SL,Biology-HL,Geography-HL,German_B-AB,Physics-SL
21,0.6,Math_AI-SL,Chemistry-HL,Geography-HL,German_B-SL,History-HL
21,0.6,Math_AI-SL,Biology-HL,Chemistry-SL,German_B-AB,Spanish_B-SL
29,0.6,Math_AI-SL,Biology-HL,Geography-SL,History-HL,Physics-HL
24,0.6,Math_AI-SL,Chemistry-HL,Computer_Science-HL,Geography-HL,History-HL
23,0.6,Math_AI-SL,Biology-HL,Geography-SL,German_B-SL,History-HL
28,0.6,Math_AI-SL,Biology-HL,Geography-HL,History-HL,Physics-SL
25,0.58,Math_AI-SL,German_B-AB,Math_AA-HL-2,Physics-HL
28,0.58,Math_AI-SL,BM-HL,German_B-AB+SL,TOK-3
25,0.58,Math_AI-SL,English_B-HL-2,Spanish_B-SL,TOK-2
17,0.58,Math_AI-SL,English_B-HL-2,Geography-HL,Spanish_B-SL
18,0.58,Math_AI-SL,BM-HL,German_B-AB+SL,Spanish_B-SL
27,0.58,Math_AI-SL,BM-HL,German_B-SL,TOK-3
26,0.58,Math_AI-SL,BM-HL,German_B-AB,TOK-3
16,0.58,Math_AI-SL,BM-HL,German_B-AB,Spanish_B-SL
22,0.58,Math_AI-SL,BM-HL,German_B-AB,Physics-HL
23,0.58,Math_AI-SL,BM-HL,History-HL,Physics-HL
19,0.56,Math_AI-SL,CAS-3,Geography-HL,German_B-SL
22,0.56,Math_AI-SL,CAS-2,German_B-AB,Physics-HL
18,0.56,Math_AI-SL,CAS-2,German_B-AB+SL,Spanish_B-SL
26,0.56,Math_AI-SL,CAS-3,German_B-AB,TOK-2
28,0.56,Math_AI-SL,CAS-2,German_B-AB+SL,TOK-3
26,0.56,Math_AI-SL,CAS-2,German_B-AB,TOK-3
27,0.56,Math_AI-SL,CAS-3,German_B-SL,TOK-2
28,0.56,Math_AI-SL,CAS-3,German_B-AB+SL,TOK-2
23,0.56,Math_AI-SL,CAS-2,History-HL,Physics-HL
20,0.56,Math_AI-SL,CAS-3,Geography-HL,German_B-AB+SL
27,0.56,Math_AI-SL,CAS-2,German_B-SL,TOK-3
18,0.56,Math_AI-SL,CAS-3,Geography-HL,German_B-AB
16,0.56,Math_AI-SL,CAS-2,German_B-AB,Spanish_B-SL
19,0.55,Math_AI-SL,CAS-2,German_B-SL,History-HL,Spanish_B-SL
27,0.54,Math_AI-SL,BM-HL,CAS-3,German_B-SL
26,0.54,Math_AI-SL,BM-HL,CAS-3,German_B-AB
28,0.54,Math_AI-SL,BM-HL,CAS-3,German_B-AB+SL
19,0.53,Math_AI-SL,BM-HL,German_B-SL,History-HL,Spanish_B-SL
22,0.53,Math_AI-SL,Biology-HL,Computer_Science-HL,Geography-HL,German_B-AB
23,0.53,Math_AI-SL,Biology-HL,Computer_Science-HL,Geography-HL,History-HL
21,0.53,Math_AI-SL,Biology-HL,Geography-HL,German_B-AB+SL,Spanish_B-SL
26,0.53,Math_AI-SL,Biology-HL,Geography-HL,History-HL,Physics-HL
25,0.53,Math_AI-SL,Biology-HL,Geography-HL,German_B-AB,Physics-HL
19,0.53,Math_AI-SL,Biology-HL,Geography-HL,German_B-AB,Spanish_B-SL
22,0.5,Math_AI-SL,Biology-HL,Geography-HL,German_B-SL,History-HL,Spanish_B-SL
32,1,Polish_A-SL-1,English_A-SL,Polish_A-SL-2
24,0.88,Polish_A-SL-1,Geography-HL,Polish_A-SL-2,Spanish_B-SL+HL
26,0.88,Polish_A-SL-1,Polish_A-SL-2,Spanish_B-SL+HL,SSSTS-SL
24,0.83,Polish_A-SL-1,English_A-SL,German_B-AB
25,0.83,Polish_A-SL-1,English_A-SL,History-HL
33,0.78,Polish_A-SL-1,English_A-SL,English_B-HL-2
18,0.75,Polish_A-SL-1,German_B-AB,Spanish_B-SL+HL,SSSTS-SL
20,0.75,Polish_A-SL-1,German_B-AB+SL,Spanish_B-SL+HL,SSSTS-SL
24,0.75,Polish_A-SL-1,Polish_A-SL-2,Spanish_B-HL,SSSTS-SL
18,0.75,Polish_A-SL-1,Geography-HL,History-SL,Spanish_B-SL
22,0.75,Polish_A-SL-1,Geography-HL,Polish_A-SL-2,Spanish_B-HL
20,0.75,Polish_A-SL-1,History-SL,Spanish_B-SL,SSSTS-SL
16,0.75,Polish_A-SL-1,Geography-HL,German_B-AB,Spanish_B-SL+HL
25,0.75,Polish_A-SL-1,Polish_A-SL-2,Spanish_B-SL,SSSTS-SL
18,0.75,Polish_A-SL-1,Geography-HL,German_B-AB+SL,Spanish_B-SL+HL
25,0.7,Polish_A-SL-1,English_A-HL,Geography-HL,Polish_A-SL-2,Spanish_B-SL
31,0.7,Polish_A-SL-1,BM-SL,English_A-HL,Geography-HL,German_B-AB
19,0.7,Polish_A-SL-1,Geography-HL,German_B-SL,History-HL,Spanish_B-SL+HL
21,0.7,Polish_A-SL-1,German_B-SL,History-HL,Spanish_B-SL+HL,SSSTS-SL
30,0.7,Polish_A-SL-1,BM-SL,Geography-HL,German_B-AB,Spanish_B-HL
25,0.67,Polish_A-SL-1,English_B-HL-2,Geography-HL,Spanish_B-SL+HL
17,0.63,Polish_A-SL-1,German_B-AB,Spanish_B-SL,SSSTS-SL
18,0.63,Polish_A-SL-1,German_B-AB+SL,Spanish_B-HL,SSSTS-SL
19,0.63,Polish_A-SL-1,German_B-AB+SL,Spanish_B-SL,SSSTS-SL
16,0.63,Polish_A-SL-1,German_B-AB,Spanish_B-HL,SSSTS-SL
17,0.6,Polish_A-SL-1,English_A-HL,Geography-HL,German_B-AB,Spanish_B-SL
29,0.6,Polish_A-SL-1,English_A-HL,Geography-HL,German_B-AB+SL,TOK-3
28,0.6,Polish_A-SL-1,English_A-HL,Geography-HL,German_B-SL,TOK-3
19,0.6,Polish_A-SL-1,English_A-HL,Geography-HL,German_B-AB+SL,Spanish_B-SL
28,0.6,Polish_A-SL-1,Geography-HL,German_B-AB+SL,Spanish_B-HL,TOK-3
17,0.6,Polish_A-SL-1,Geography-HL,German_B-SL,History-HL,Spanish_B-HL
26,0.6,Polish_A-SL-1,Geography-HL,German_B-AB,Spanish_B-HL,TOK-3
20,0.6,Polish_A-SL-1,German_B-SL,History-HL,Spanish_B-SL,SSSTS-SL
19,0.6,Polish_A-SL-1,German_B-SL,History-HL,Spanish_B-HL,SSSTS-SL
27,0.6,Polish_A-SL-1,Geography-HL,German_B-SL,Spanish_B-HL,TOK-3
27,0.6,Polish_A-SL-1,English_A-HL,Geography-HL,German_B-AB,TOK-3
20,0.58,Polish_A-SL-1,English_A-HL,Geography-HL,German_B-SL,History-HL,Spanish_B-SL
23,0.58,Polish_A-SL-1,English_B-HL-2,Geography-HL,Spanish_B-HL
26,0.55,Polish_A-SL-1,CAS-3,Geography-HL,German_B-AB,Spanish_B-HL
27,0.55,Polish_A-SL-1,CAS-3,English_A-HL,Geography-HL,German_B-AB
28,0.55,Polish_A-SL-1,CAS-3,Geography-HL,German_B-AB+SL,Spanish_B-HL
28,0.55,Polish_A-SL-1,CAS-3,English_A-HL,Geography-HL,German_B-SL
29,0.55,Polish_A-SL-1,CAS-3,English_A-HL,Geography-HL,German_B-AB+SL
27,0.55,Polish_A-SL-1,CAS-3,Geography-HL,German_B-SL,Spanish_B-HL
26,0.53,Polish_A-SL-1,English_A-HL,English_B-HL-2,Geography-HL,Spanish_B-SL
27,0.89,Psychology-SL,BM-HL,English_B-HL-2
13,0.83,Psychology-SL,Chemistry-SL,German_B-SL
26,0.83,Psychology-SL,Polish_A-SL-2,TOK-2
12,0.83,Psychology-SL,Chemistry-SL,German_B-AB
20,0.83,Psychology-SL,Polish_A-SL-2,SSSTS-SL
14,0.83,Psychology-SL,Chemistry-SL,German_B-AB+SL
18,0.83,Psychology-SL,Geography-HL,Polish_A-SL-2
26,0.78,Psychology-SL,BM-HL,Polish_A-SL-2
26,0.75,Psychology-SL,BM-SL,Geography-HL,German_B-AB
26,0.75,Psychology-SL,CAS-2,Polish_A-SL-2
34,0.75,Psychology-SL,BM-SL,German_B-AB,TOK-2
34,0.69,Psychology-SL,BM-SL,CAS-2,German_B-AB
12,0.67,Psychology-SL,German_B-AB,SSSTS-SL
19,0.67,Psychology-SL,English_B-HL-2,Geography-HL
14,0.67,Psychology-SL,German_B-AB+SL,SSSTS-SL
27,0.67,Psychology-SL,English_B-HL-2,TOK-2
13,0.63,Psychology-SL,Geography-HL,German_B-SL,History-HL
15,0.63,Psychology-SL,German_B-SL,History-HL,SSSTS-SL
21,0.63,Psychology-SL,German_B-SL,History-HL,TOK-2
21,0.58,Psychology-SL,BM-HL,German_B-SL,History-HL
20,0.58,Psychology-SL,CAS-2,German_B-AB+SL
31,0.56,Psychology-SL,CAS-3,German_B-SL,TOK-2
23,0.56,Psychology-SL,CAS-3,Geography-HL,German_B-SL
30,0.56,Psychology-SL,CAS-3,German_B-AB,TOK-2
24,0.56,Psychology-SL,CAS-3,Geography-HL,German_B-AB+SL
22,0.56,Psychology-SL,CAS-3,Geography-HL,German_B-AB
21,0.56,Psychology-SL,CAS-2,German_B-SL,History-HL
32,0.56,Psychology-SL,CAS-3,German_B-AB+SL,TOK-2
32,0.54,Psychology-SL,BM-HL,CAS-3,German_B-AB+SL
30,0.54,Psychology-SL,BM-HL,CAS-3,German_B-AB
31,0.54,Psychology-SL,BM-HL,CAS-3,German_B-SL
31,0.67,Computer_Science-SL,Biology-HL,Chemistry-SL,Polish_A-HL
27,0.67,Computer_Science-SL,Chemistry-HL,Polish_A-HL
14,1,SSSTS-SL,Computer_Science-HL,History-HL,Polish_A-HL,Spanish_B-HL
11,1,SSSTS-SL,German_B-AB+SL,Psychology-HL
9,1,SSSTS-SL,German_B-AB,Polish_A-HL,Spanish_B-SL
9,1,SSSTS-SL,German_B-AB,Psychology-HL
11,1,SSSTS-SL,German_B-SL,History-HL,Polish_A-HL,Spanish_B-HL
11,1,SSSTS-SL,German_B-AB+SL,Polish_A-HL,Spanish_B-SL
13,1,SSSTS-SL,Computer_Science-HL,German_B-AB,Polish_A-HL,Spanish_B-HL
12,1,SSSTS-SL,German_B-SL,History-HL,Psychology-HL
12,1,SSSTS-SL,German_B-SL,History-HL,Polish_A-HL,Spanish_B-SL
10,1,SSSTS-SL,German_B-AB+SL,Polish_A-HL,Spanish_B-HL
26,0.88,SSSTS-SL,Polish_A-SL-1,Polish_A-SL-2,Spanish_B-SL+HL
20,0.83,SSSTS-SL,Polish_A-SL-2,Psychology-SL
25,0.75,SSSTS-SL,Polish_A-SL-1,Polish_A-SL-2,Spanish_B-SL
18,0.75,SSSTS-SL,Polish_A-HL,Polish_A-SL-2,Spanish_B-SL+HL
24,0.75,SSSTS-SL,Polish_A-SL-1,Polish_A-SL-2,Spanish_B-HL
20,0.75,SSSTS-SL,History-SL,Polish_A-SL-1,Spanish_B-SL
18,0.75,SSSTS-SL,Math_AI-SL,Polish_A-SL-2,Spanish_B-SL
20,0.75,SSSTS-SL,German_B-AB+SL,Polish_A-SL-1,Spanish_B-SL+HL
18,0.75,SSSTS-SL,German_B-AB,Polish_A-SL-1,Spanish_B-SL+HL
21,0.7,SSSTS-SL,German_B-SL,History-HL,Polish_A-SL-1,Spanish_B-SL+HL
14,0.67,SSSTS-SL,German_B-AB+SL,Psychology-SL
12,0.67,SSSTS-SL,German_B-AB,Psychology-SL
17,0.67,SSSTS-SL,Polish_A-SL-2,Psychology-HL
12,0.63,SSSTS-SL,German_B-AB+SL,Math_AI-SL,Spanish_B-SL
15,0.63,SSSTS-SL,German_B-SL,History-HL,Psychology-SL
14,0.63,SSSTS-SL,Computer_Science-HL,History-HL,Math_AI-SL
10,0.63,SSSTS-SL,German_B-AB,Math_AI-SL,Spanish_B-SL
13,0.63,SSSTS-SL,Computer_Science-HL,German_B-AB,Math_AI-SL
18,0.63,SSSTS-SL,German_B-AB+SL,Polish_A-SL-1,Spanish_B-HL
10,0.63,SSSTS-SL,German_B-AB,Polish_A-HL,Spanish_B-SL+HL
12,0.63,SSSTS-SL,History-SL,Polish_A-HL,Spanish_B-SL
16,0.63,SSSTS-SL,German_B-AB,Polish_A-SL-1,Spanish_B-HL
19,0.63,SSSTS-SL,German_B-AB+SL,Polish_A-SL-1,Spanish_B-SL
12,0.63,SSSTS-SL,German_B-AB+SL,Polish_A-HL,Spanish_B-SL+HL
17,0.63,SSSTS-SL,Polish_A-HL,Polish_A-SL-2,Spanish_B-SL
16,0.63,SSSTS-SL,Polish_A-HL,Polish_A-SL-2,Spanish_B-HL
17,0.63,SSSTS-SL,German_B-AB,Polish_A-SL-1,Spanish_B-SL
20,0.6,SSSTS-SL,German_B-SL,History-HL,Polish_A-SL-1,Spanish_B-SL
19,0.6,SSSTS-SL,German_B-SL,History-HL,Polish_A-SL-1,Spanish_B-HL
13,0.6,SSSTS-SL,German_B-SL,History-HL,Polish_A-HL,Spanish_B-SL+HL
13,0.6,SSSTS-SL,German_B-SL,History-HL,Math_AI-SL,Spanish_B-SL
27,0.89,BM-HL,English_B-HL-2,Psychology-SL
26,0.78,BM-HL,Polish_A-SL-2,Psychology-SL
24,0.78,BM-HL,English_B-HL-2,Psychology-HL
25,0.75,BM-HL,English_B-HL-2,Polish_A-HL,Spanish_B-SL+HL
25,0.75,BM-HL,English_B-HL-2,Math_AI-SL,Spanish_B-SL
24,0.67,BM-HL,Math_AI-SL,Polish_A-SL-2,Spanish_B-SL
23,0.67,BM-HL,English_B-HL-2,Polish_A-HL,Spanish_B-HL
23,0.67,BM-HL,Polish_A-SL-2,Psychology-HL
24,0.67,BM-HL,Polish_A-HL,Polish_A-SL-2,Spanish_B-SL+HL
24,0.67,BM-HL,English_B-HL-2,Polish_A-HL,Spanish_B-SL
18,0.58,BM-HL,German_B-AB+SL,Math_AI-SL,Spanish_B-SL
22,0.58,BM-HL,Polish_A-HL,Polish_A-SL-2,Spanish_B-HL
18,0.58,BM-HL,History-SL,Polish_A-HL,Spanish_B-SL
16,0.58,BM-HL,German_B-AB,Polish_A-HL,Spanish_B-SL+HL
26,0.58,BM-HL,German_B-AB,Math_AI-SL,TOK-3
16,0.58,BM-HL,German_B-AB,Math_AI-SL,Spanish_B-SL
22,0.58,BM-HL,German_B-AB,Math_AI-SL,Physics-HL
18,0.58,BM-HL,German_B-AB+SL,Polish_A-HL,Spanish_B-SL+HL
21,0.58,BM-HL,German_B-SL,History-HL,Psychology-SL
28,0.58,BM-HL,German_B-AB+SL,Math_AI-SL,TOK-3
27,0.58,BM-HL,German_B-SL,Math_AI-SL,TOK-3
23,0.58,BM-HL,History-HL,Math_AI-SL,Physics-HL
23,0.58,BM-HL,Polish_A-HL,Polish_A-SL-2,Spanish_B-SL
30,0.54,BM-HL,CAS-3,German_B-AB,Psychology-SL
32,0.54,BM-HL,CAS-3,German_B-AB+SL,Psychology-SL
27,0.54,BM-HL,CAS-3,German_B-SL,Math_AI-SL
31,0.54,BM-HL,CAS-3,German_B-SL,Psychology-SL
26,0.54,BM-HL,CAS-3,German_B-AB,Math_AI-SL
28,0.54,BM-HL,CAS-3,German_B-AB+SL,Math_AI-SL
19,0.53,BM-HL,German_B-SL,History-HL,Polish_A-HL,Spanish_B-SL+HL
19,0.53,BM-HL,German_B-SL,History-HL,Math_AI-SL,Spanish_B-SL
18,0.5,BM-HL,German_B-SL,History-HL,Psychology-HL
35,0.5,BM-HL,CAS-3,TOK-1
15,0.5,BM-HL,German_B-AB,Polish_A-HL,Spanish_B-SL
24,0.5,BM-HL,History-HL,Physics-HL,Psychology-HL
35,0.5,BM-HL,CAS-1,TOK-3
23,0.5,BM-HL,German_B-AB,Physics-HL,Psychology-HL
17,0.5,BM-HL,German_B-AB+SL,Polish_A-HL,Spanish_B-SL
17,0.46,BM-HL,German_B-SL,History-HL,Polish_A-HL,Spanish_B-HL
28,0.46,BM-HL,German_B-AB+SL,Polish_A-HL,Spanish_B-HL,TOK-3
22,0.46,BM-HL,German_B-AB,Physics-HL,Polish_A-HL,Spanish_B-HL
26,0.46,BM-HL,German_B-AB,Polish_A-HL,Spanish_B-HL,TOK-3
27,0.46,BM-HL,CAS-3,German_B-AB,Psychology-HL
27,0.46,BM-HL,German_B-SL,Polish_A-HL,Spanish_B-HL,TOK-3
29,0.46,BM-HL,CAS-3,German_B-AB+SL,Psychology-HL
18,0.46,BM-HL,German_B-SL,History-HL,Polish_A-HL,Spanish_B-SL
23,0.46,BM-HL,History-HL,Physics-HL,Polish_A-HL,Spanish_B-HL
28,0.46,BM-HL,CAS-3,German_B-SL,Psychology-HL
27,0.43,BM-HL,CAS-3,German_B-SL,Polish_A-HL,Spanish_B-HL
26,0.43,BM-HL,CAS-3,German_B-AB,Polish_A-HL,Spanish_B-HL
28,0.43,BM-HL,CAS-3,German_B-AB+SL,Polish_A-HL,Spanish_B-HL
17,1,TOK-2,German_B-SL,History-HL,Polish_A-HL,Spanish_B-HL
22,1,TOK-2,German_B-AB,Physics-HL,Polish_A-HL,Spanish_B-HL
23,1,TOK-2,History-HL,Physics-HL,Polish_A-HL,Spanish_B-HL
28,1,TOK-2,German_B-AB+SL,Polish_A-HL,Spanish_B-HL,TOK-3
27,1,TOK-2,German_B-SL,Polish_A-HL,Spanish_B-HL,TOK-3
26,1,TOK-2,German_B-AB,Polish_A-HL,Spanish_B-HL,TOK-3
24,1,TOK-2,History-HL,Physics-HL,Psychology-HL
23,1,TOK-2,German_B-AB,Physics-HL,Psychology-HL
18,1,TOK-2,German_B-SL,History-HL,Polish_A-HL,Spanish_B-SL
18,1,TOK-2,German_B-SL,History-HL,Psychology-HL
17,1,TOK-2,German_B-AB+SL,Polish_A-HL,Spanish_B-SL
15,1,TOK-2,German_B-AB,Polish_A-HL,Spanish_B-SL
28,0.9,TOK-2,CAS-3,German_B-AB+SL,Polish_A-HL,Spanish_B-HL
26,0.9,TOK-2,CAS-3,German_B-AB,Polish_A-HL,Spanish_B-HL
27,0.9,TOK-2,CAS-3,German_B-SL,Polish_A-HL,Spanish_B-HL
29,0.88,TOK-2,CAS-3,German_B-AB+SL,Psychology-HL
28,0.88,TOK-2,CAS-3,German_B-SL,Psychology-HL
27,0.88,TOK-2,CAS-3,German_B-AB,Psychology-HL
26,0.83,TOK-2,Polish_A-SL-2,Psychology-SL
35,0.83,TOK-2,CAS-1,TOK-3
35,0.83,TOK-2,CAS-3,TOK-1
34,0.75,TOK-2,BM-SL,German_B-AB,Psychology-SL
24,0.75,TOK-2,Polish_A-HL,Polish_A-SL-2,Spanish_B-SL+HL
30,0.75,TOK-2,BM-SL,German_B-AB,Math_AI-SL
24,0.75,TOK-2,Math_AI-SL,Polish_A-SL-2,Spanish_B-SL
27,0.67,TOK-2,English_B-HL-2,Psychology-SL
23,0.67,TOK-2,Polish_A-SL-2,Psychology-HL
31,0.63,TOK-2,BM-SL,German_B-AB,Psychology-HL
16,0.63,TOK-2,German_B-AB,Polish_A-HL,Spanish_B-SL+HL
18,0.63,TOK-2,History-SL,Polish_A-HL,Spanish_B-SL
18,0.63,TOK-2,German_B-AB+SL,Polish_A-HL,Spanish_B-SL+HL
21,0.63,TOK-2,German_B-SL,History-HL,Psychology-SL
27,0.63,TOK-2,German_B-SL,Math_AI-SL,TOK-3
16,0.63,TOK-2,German_B-AB,Math_AI-SL,Spanish_B-SL
26,0.63,TOK-2,German_B-AB,Math_AI-SL,TOK-3
23,0.63,TOK-2,History-HL,Math_AI-SL,Physics-HL
28,0.63,TOK-2,German_B-AB+SL,Math_AI-SL,TOK-3
22,0.63,TOK-2,Polish_A-HL,Polish_A-SL-2,Spanish_B-HL
23,0.63,TOK-2,Polish_A-HL,Polish_A-SL-2,Spanish_B-SL
18,0.63,TOK-2,German_B-AB+SL,Math_AI-SL,Spanish_B-SL
22,0.63,TOK-2,German_B-AB,Math_AI-SL,Physics-HL
19,0.6,TOK-2,German_B-SL,History-HL,Polish_A-HL,Spanish_B-SL+HL
19,0.6,TOK-2,German_B-SL,History-HL,Math_AI-SL,Spanish_B-SL
30,0.6,TOK-2,BM-SL,German_B-AB,Polish_A-HL,Spanish_B-HL
25,0.58,TOK-2,English_B-HL-2,Polish_A-HL,Spanish_B-SL+HL
25,0.58,TOK-2,English_B-HL-2,Math_AI-SL,Spanish_B-SL
28,0.56,TOK-2,CAS-3,German_B-AB+SL,Math_AI-SL
32,0.56,TOK-2,CAS-3,German_B-AB+SL,Psychology-SL
26,0.56,TOK-2,CAS-3,German_B-AB,Math_AI-SL
31,0.56,TOK-2,CAS-3,German_B-SL,Psychology-SL
27,0.56,TOK-2,CAS-3,German_B-SL,Math_AI-SL
30,0.56,TOK-2,CAS-3,German_B-AB,Psychology-SL
24,0.55,TOK-2,English_B-HL-2,Psychology-HL
24,0.5,TOK-2,English_B-HL-2,Polish_A-HL,Spanish_B-SL
23,0.5,TOK-2,English_B-HL-2,Polish_A-HL,Spanish_B-HL
22,0.9,CAS-2,German_B-AB,Physics-HL,Polish_A-HL,Spanish_B-HL
23,0.9,CAS-2,History-HL,Physics-HL,Polish_A-HL,Spanish_B-HL
18,0.9,CAS-2,German_B-SL,History-HL,Polish_A-HL,Spanish_B-SL
28,0.9,CAS-2,German_B-AB+SL,Polish_A-HL,Spanish_B-HL,TOK-3
27,0.9,CAS-2,German_B-SL,Polish_A-HL,Spanish_B-HL,TOK-3
17,0.9,CAS-2,German_B-SL,History-HL,Polish_A-HL,Spanish_B-HL
26,0.9,CAS-2,German_B-AB,Polish_A-HL,Spanish_B-HL,TOK-3
15,0.88,CAS-2,German_B-AB,Polish_A-HL,Spanish_B-SL
23,0.88,CAS-2,German_B-AB,Physics-HL,Psychology-HL
18,0.88,CAS-2,German_B-SL,History-HL,Psychology-HL
24,0.88,CAS-2,History-HL,Physics-HL,Psychology-HL
17,0.88,CAS-2,German_B-AB+SL,Polish_A-HL,Spanish_B-SL
17,0.83,CAS-2,German_B-AB+SL,Psychology-HL
23,0.75,CAS-2,TOK-1
26,0.75,CAS-2,Polish_A-SL-2,Psychology-SL
24,0.69,CAS-2,Math_AI-SL,Polish_A-SL-2,Spanish_B-SL
34,0.69,CAS-2,BM-SL,German_B-AB,Psychology-SL
24,0.69,CAS-2,Polish_A-HL,Polish_A-SL-2,Spanish_B-SL+HL
30,0.69,CAS-2,BM-SL,German_B-AB,Math_AI-SL
20,0.58,CAS-2,German_B-AB+SL,Psychology-SL
23,0.58,CAS-2,Polish_A-SL-2,Psychology-HL
31,0.56,CAS-2,BM-SL,German_B-AB,Psychology-HL
26,0.56,CAS-2,German_B-AB,Math_AI-SL,TOK-3
21,0.56,CAS-2,German_B-SL,History-HL,Psychology-SL
18,0.56,CAS-2,German_B-AB+SL,Polish_A-HL,Spanish_B-SL+HL
18,0.56,CAS-2,German_B-AB+SL,Math_AI-SL,Spanish_B-SL
22,0.56,CAS-2,Polish_A-HL,Polish_A-SL-2,Spanish_B-HL
23,0.56,CAS-2,Polish_A-HL,Polish_A-SL-2,Spanish_B-SL
18,0.56,CAS-2,History-SL,Polish_A-HL,Spanish_B-SL
16,0.56,CAS-2,German_B-AB,Polish_A-HL,Spanish_B-SL+HL
16,0.56,CAS-2,German_B-AB,Math_AI-SL,Spanish_B-SL
28,0.56,CAS-2,German_B-AB+SL,Math_AI-SL,TOK-3
27,0.56,CAS-2,German_B-SL,Math_AI-SL,TOK-3
22,0.56,CAS-2,German_B-AB,Math_AI-SL,Physics-HL
23,0.56,CAS-2,History-HL,Math_AI-SL,Physics-HL
19,0.55,CAS-2,German_B-SL,History-HL,Polish_A-HL,Spanish_B-SL+HL
30,0.55,CAS-2,BM-SL,German_B-AB,Polish_A-HL,Spanish_B-HL
19,0.55,CAS-2,German_B-SL,History-HL,Math_AI-SL,Spanish_B-SL
24,1,English_A-HL,Chemistry-HL,Computer_Science-HL,Geography-HL,German_B-AB,Polish_A-HL
21,1,English_A-HL,Chemistry-HL,Geography-HL,German_B-AB+SL,Polish_A-HL
25,1,English_A-HL,Chemistry-HL,Computer_Science-HL,Geography-HL,History-HL,Polish_A-HL
22,1,English_A-HL,Chemistry-HL,Geography-HL,German_B-SL,History-HL,Polish_A-HL
21,1,English_A-HL,Geography-HL,German_B-AB+SL,Polish_A-HL,TOK-3
20,1,English_A-HL,Geography-HL,German_B-SL,Polish_A-HL,TOK-3
19,1,English_A-HL,Geography-HL,German_B-AB,Polish_A-HL,TOK-3
19,0.9,English_A-HL,CAS-3,Geography-HL,German_B-AB,Polish_A-HL
20,0.9,English_A-HL,CAS-3,Geography-HL,German_B-SL,Polish_A-HL
21,0.9,English_A-HL,CAS-3,Geography-HL,German_B-AB+SL,Polish_A-HL
25,0.7,English_A-HL,Geography-HL,Polish_A-SL-1,Polish_A-SL-2,Spanish_B-SL
31,0.7,English_A-HL,BM-SL,Geography-HL,German_B-AB,Polish_A-SL-1
21,0.7,English_A-HL,German_B-AB,Math_AA-SL,Physics-SL,Polish_A-HL
22,0.7,English_A-HL,History-HL,Math_AA-SL,Physics-SL,Polish_A-HL
25,0.67,English_A-HL,English_B-HL-1,English_B-HL-2,Spanish_B-SL
26,0.67,English_A-HL,Biology-HL,Math_AA-HL-1,Polish_A-HL
23,0.6,English_A-HL,BM-SL,Geography-HL,German_B-AB,Polish_A-HL
20,0.6,English_A-HL,History-HL,Math_AA-SL,Physics-HL,Polish_A-HL
24,0.6,English_A-HL,Geography-SL,German_B-AB+SL,Polish_A-HL,TOK-3
17,0.6,English_A-HL,Geography-HL,German_B-AB,Polish_A-SL-1,Spanish_B-SL
23,0.6,English_A-HL,Geography-SL,German_B-SL,Polish_A-HL,TOK-3
17,0.6,English_A-HL,Geography-HL,Polish_A-HL,Polish_A-SL-2,Spanish_B-SL
19,0.6,English_A-HL,Geography-HL,German_B-AB+SL,Polish_A-SL-1,Spanish_B-SL
15,0.6,English_A-HL,German_B-AB+SL,Math_AA-SL,Polish_A-HL,Spanish_B-SL
22,0.6,English_A-HL,Geography-SL,German_B-AB,Polish_A-HL,TOK-3
27,0.6,English_A-HL,Geography-HL,German_B-AB,Polish_A-SL-1,TOK-3
13,0.6,English_A-HL,German_B-AB,Math_AA-SL,Polish_A-HL,Spanish_B-SL
19,0.6,English_A-HL,German_B-AB,Math_AA-SL,Physics-HL,Polish_A-HL
28,0.6,English_A-HL,Geography-HL,German_B-SL,Polish_A-SL-1,TOK-3
29,0.6,English_A-HL,Geography-HL,German_B-AB+SL,Polish_A-SL-1,TOK-3
20,0.58,English_A-HL,Geography-HL,German_B-SL,History-HL,Polish_A-SL-1,Spanish_B-SL
16,0.58,English_A-HL,German_B-SL,History-HL,Math_AA-SL,Polish_A-HL,Spanish_B-SL
22,0.58,English_A-HL,Math_AA-HL-1,Math_AA-SL,Polish_A-HL
24,0.58,English_A-HL,English_B-HL-1,Polish_A-SL-2,Spanish_B-SL
31,0.56,English_A-HL,Biology-HL,Geography-SL,German_B-AB,Physics-SL,Polish_A-HL
32,0.56,English_A-HL,Biology-HL,Geography-SL,History-HL,Physics-SL,Polish_A-HL
29,0.55,English_A-HL,CAS-3,Geography-HL,German_B-AB+SL,Polish_A-SL-1
28,0.55,English_A-HL,CAS-3,Geography-HL,German_B-SL,Polish_A-SL-1
24,0.55,English_A-HL,CAS-3,Geography-SL,German_B-AB+SL,Polish_A-HL
27,0.55,English_A-HL,CAS-3,Geography-HL,German_B-AB,Polish_A-SL-1
22,0.55,English_A-HL,CAS-3,Geography-SL,German_B-AB,Polish_A-HL
23,0.55,English_A-HL,CAS-3,Geography-SL,German_B-SL,Polish_A-HL
26,0.53,English_A-HL,English_B-HL-2,Geography-HL,Polish_A-SL-1,Spanish_B-SL
23,0.53,English_A-HL,Biology-HL,Geography-SL,German_B-AB+SL,Polish_A-HL
24,0.5,English_A-HL,Biology-HL,Geography-SL,German_B-SL,History-HL,Polish_A-HL
29,0.5,English_A-HL,Biology-HL,Geography-SL,German_B-AB,Physics-HL,Polish_A-HL
24,0.5,English_A-HL,Biology-HL,Chemistry-SL,German_B-AB+SL,Polish_A-HL,Spanish_B-SL
23,0.5,English_A-HL,Biology-HL,Chemistry-SL,German_B-SL,Polish_A-HL,Spanish_B-SL
28,0.5,English_A-HL,English_B-HL-1,German_B-AB+SL,TOK-3
28,0.5,English_A-HL,Biology-HL,Geography-HL,German_B-AB,Physics-SL,Polish_A-HL
27,0.5,English_A-HL,English_B-HL-1,German_B-SL,TOK-3
26,0.5,English_A-HL,English_B-HL-1,German_B-AB,TOK-3
30,0.5,English_A-HL,Biology-HL,Geography-SL,History-HL,Physics-HL,Polish_A-HL
22,0.5,English_A-HL,Biology-HL,Chemistry-SL,German_B-AB,Polish_A-HL,Spanish_B-SL
25,0.5,English_A-HL,Biology-HL,Chemistry-SL,Computer_Science-HL,German_B-AB,Polish_A-HL
29,0.5,English_A-HL,Biology-HL,Geography-HL,History-HL,Physics-SL,Polish_A-HL
16,0.5,English_A-HL,English_B-HL-1,German_B-AB,Spanish_B-SL
18,0.5,English_A-HL,English_B-HL-1,German_B-AB+SL,Spanish_B-SL
26,0.46,English_A-HL,CAS-3,English_B-HL-1,German_B-AB
18,0.46,English_A-HL,English_B-HL-2,Geography-HL,Polish_A-HL,Spanish_B-SL
27,0.46,English_A-HL,CAS-3,English_B-HL-1,German_B-SL
28,0.46,English_A-HL,CAS-3,English_B-HL-1,German_B-AB+SL
19,0.46,English_A-HL,English_B-HL-1,German_B-SL,History-HL,Spanish_B-SL
27,0.44,English_A-HL,Biology-HL,Geography-HL,History-HL,Physics-HL,Polish_A-HL
20,0.44,English_A-HL,Biology-HL,Geography-HL,German_B-AB,Polish_A-HL,Spanish_B-SL
23,0.44,English_A-HL,Biology-HL,Computer_Science-HL,Geography-HL,German_B-AB,Polish_A-HL
26,0.44,English_A-HL,Biology-HL,Geography-HL,German_B-AB,Physics-HL,Polish_A-HL
24,0.44,English_A-HL,Biology-HL,Computer_Science-HL,Geography-HL,History-HL,Polish_A-HL
22,0.44,English_A-HL,Biology-HL,Geography-HL,German_B-AB+SL,Polish_A-HL,Spanish_B-SL
23,0.43,English_A-HL,Biology-HL,Geography-HL,German_B-SL,History-HL,Polish_A-HL,Spanish_B-SL
22,1,Spanish_B-HL,German_B-AB,Physics-HL,Polish_A-HL,TOK-2
26,1,Spanish_B-HL,German_B-AB,Polish_A-HL,TOK-2,TOK-3
17,1,Spanish_B-HL,German_B-SL,History-HL,Polish_A-HL,TOK-2
23,1,Spanish_B-HL,Chemistry-HL,Computer_Science-HL,Geography-HL,German_B-AB,Polish_A-HL
24,1,Spanish_B-HL,Chemistry-HL,Computer_Science-HL,Geography-HL,History-HL,Polish_A-HL
20,1,Spanish_B-HL,Chemistry-HL,Geography-HL,German_B-AB+SL,Polish_A-HL
23,1,Spanish_B-HL,History-HL,Physics-HL,Polish_A-HL,TOK-2
13,1,Spanish_B-HL,Computer_Science-HL,German_B-AB,Polish_A-HL,SSSTS-SL
10,1,Spanish_B-HL,German_B-AB+SL,Polish_A-HL,SSSTS-SL
21,1,Spanish_B-HL,Chemistry-HL,Geography-HL,German_B-SL,History-HL,Polish_A-HL
11,1,Spanish_B-HL,German_B-SL,History-HL,Polish_A-HL,SSSTS-SL
14,1,Spanish_B-HL,Computer_Science-HL,History-HL,Polish_A-HL,SSSTS-SL
27,1,Spanish_B-HL,German_B-SL,Polish_A-HL,TOK-2,TOK-3
28,1,Spanish_B-HL,German_B-AB+SL,Polish_A-HL,TOK-2,TOK-3
20,1,Spanish_B-HL,Geography-HL,German_B-AB+SL,Polish_A-HL,TOK-3
18,1,Spanish_B-HL,Geography-HL,German_B-AB,Polish_A-HL,TOK-3
19,1,Spanish_B-HL,Geography-HL,German_B-SL,Polish_A-HL,TOK-3
23,0.9,Spanish_B-HL,CAS-2,History-HL,Physics-HL,Polish_A-HL
28,0.9,Spanish_B-HL,CAS-3,German_B-AB+SL,Polish_A-HL,TOK-2
18,0.9,Spanish_B-HL,CAS-3,Geography-HL,German_B-AB,Polish_A-HL
28,0.9,Spanish_B-HL,CAS-2,German_B-AB+SL,Polish_A-HL,TOK-3
22,0.9,Spanish_B-HL,CAS-2,German_B-AB,Physics-HL,Polish_A-HL
17,0.9,Spanish_B-HL,CAS-2,German_B-SL,History-HL,Polish_A-HL
27,0.9,Spanish_B-HL,CAS-2,German_B-SL,Polish_A-HL,TOK-3
26,0.9,Spanish_B-HL,CAS-3,German_B-AB,Polish_A-HL,TOK-2
19,0.9,Spanish_B-HL,CAS-3,Geography-HL,German_B-SL,Polish_A-HL
26,0.9,Spanish_B-HL,CAS-2,German_B-AB,Polish_A-HL,TOK-3
20,0.9,Spanish_B-HL,CAS-3,Geography-HL,German_B-AB+SL,Polish_A-HL
27,0.9,Spanish_B-HL,CAS-3,German_B-SL,Polish_A-HL,TOK-2
32,0.8,Spanish_B-HL,Biology-SL,Geography-SL,German_B-AB,Physics-SL
33,0.8,Spanish_B-HL,Biology-SL,Geography-SL,History-HL,Physics-SL
22,0.78,Spanish_B-HL,English_B-HL-1,English_B-HL-2
23,0.75,Spanish_B-HL,Biology-SL,Chemistry-SL,German_B-AB+SL
22,0.75,Spanish_B-HL,Geography-HL,Polish_A-SL-1,Polish_A-SL-2
24,0.75,Spanish_B-HL,Polish_A-SL-1,Polish_A-SL-2,SSSTS-SL
24,0.75,Spanish_B-HL,Biology-SL,Geography-SL,German_B-AB+SL
22,0.75,Spanish_B-HL,Biology-SL,Chemistry-SL,German_B-SL
26,0.7,Spanish_B-HL,Biology-SL,Chemistry-SL,Computer_Science-HL,German_B-AB
30,0.7,Spanish_B-HL,Biology-SL,Geography-HL,History-HL,Physics-SL
30,0.7,Spanish_B-HL,Biology-SL,Geography-SL,German_B-AB,Physics-HL
30,0.7,Spanish_B-HL,BM-SL,Geography-HL,German_B-AB,Polish_A-SL-1
25,0.7,Spanish_B-HL,Biology-SL,Geography-SL,German_B-SL,History-HL
31,0.7,Spanish_B-HL,Biology-SL,Geography-SL,History-HL,Physics-HL
29,0.7,Spanish_B-HL,Biology-SL,Geography-HL,German_B-AB,Physics-SL
20,0.7,Spanish_B-HL,German_B-AB,Math_AA-SL,Physics-SL,Polish_A-HL
21,0.7,Spanish_B-HL,History-HL,Math_AA-SL,Physics-SL,Polish_A-HL
21,0.67,Spanish_B-HL,English_B-HL-1,Polish_A-SL-2
25,0.67,Spanish_B-HL,Biology-HL,Math_AA-HL-1,Polish_A-HL
28,0.67,Spanish_B-HL,Math_AA-HL-1,Math_AA-HL-2,Polish_A-HL
27,0.67,Spanish_B-HL,Biology-SL,Math_AA-HL-1
23,0.67,Spanish_B-HL,BM-HL,English_B-HL-2,Polish_A-HL
16,0.63,Spanish_B-HL,Polish_A-HL,Polish_A-SL-2,SSSTS-SL
21,0.63,Spanish_B-HL,Biology-SL,Geography-HL,German_B-AB+SL
18,0.63,Spanish_B-HL,German_B-AB+SL,Polish_A-SL-1,SSSTS-SL
12,0.63,Spanish_B-HL,German_B-AB+SL,Math_AA-SL,Polish_A-HL
22,0.63,Spanish_B-HL,Polish_A-HL,Polish_A-SL-2,TOK-2
14,0.63,Spanish_B-HL,Geography-HL,Polish_A-HL,Polish_A-SL-2
16,0.63,Spanish_B-HL,German_B-AB,Polish_A-SL-1,SSSTS-SL
19,0.6,Spanish_B-HL,German_B-SL,History-HL,Polish_A-SL-1,SSSTS-SL
22,0.6,Spanish_B-HL,Biology-SL,Geography-HL,German_B-SL,History-HL
28,0.6,Spanish_B-HL,Geography-HL,German_B-AB+SL,Polish_A-SL-1,TOK-3
17,0.6,Spanish_B-HL,Geography-HL,German_B-SL,History-HL,Polish_A-SL-1
24,0.6,Spanish_B-HL,Biology-SL,Computer_Science-HL,Geography-HL,German_B-AB
13,0.6,Spanish_B-HL,German_B-SL,History-HL,Math_AA-SL,Polish_A-HL
25,0.6,Spanish_B-HL,Biology-SL,Computer_Science-HL,Geography-HL,History-HL
19,0.6,Spanish_B-HL,History-HL,Math_AA-SL,Physics-HL,Polish_A-HL
26,0.6,Spanish_B-HL,Geography-HL,German_B-AB,Polish_A-SL-1,TOK-3
30,0.6,Spanish_B-HL,BM-SL,German_B-AB,Polish_A-HL,TOK-2
27,0.6,Spanish_B-HL,Biology-SL,Geography-HL,German_B-AB,Physics-HL
22,0.6,Spanish_B-HL,BM-SL,Geography-HL,German_B-AB,Polish_A-HL
21,0.6,Spanish_B-HL,Geography-SL,German_B-AB,Polish_A-HL,TOK-3
23,0.6,Spanish_B-HL,Geography-SL,German_B-AB+SL,Polish_A-HL,TOK-3
22,0.6,Spanish_B-HL,Geography-SL,German_B-SL,Polish_A-HL,TOK-3
18,0.6,Spanish_B-HL,German_B-AB,Math_AA-SL,Physics-HL,Polish_A-HL
28,0.6,Spanish_B-HL,Biology-SL,Geography-HL,History-HL,Physics-HL
27,0.6,Spanish_B-HL,Geography-HL,German_B-SL,Polish_A-SL-1,TOK-3
23,0.58,Spanish_B-HL,English_B-HL-2,Geography-HL,Polish_A-SL-1
21,0.58,Spanish_B-HL,Math_AA-HL-1,Math_AA-SL,Polish_A-HL
22,0.58,Spanish_B-HL,BM-HL,Polish_A-HL,Polish_A-SL-2
31,0.56,Spanish_B-HL,Biology-HL,Geography-SL,History-HL,Physics-SL,Polish_A-HL
30,0.56,Spanish_B-HL,Biology-HL,Geography-SL,German_B-AB,Physics-SL,Polish_A-HL
22,0.56,Spanish_B-HL,CAS-2,Polish_A-HL,Polish_A-SL-2
21,0.55,Spanish_B-HL,CAS-3,Geography-SL,German_B-AB,Polish_A-HL
28,0.55,Spanish_B-HL,CAS-3,Geography-HL,German_B-AB+SL,Polish_A-SL-1
30,0.55,Spanish_B-HL,BM-SL,CAS-2,German_B-AB,Polish_A-HL
22,0.55,Spanish_B-HL,CAS-3,Geography-SL,German_B-SL,Polish_A-HL
26,0.55,Spanish_B-HL,CAS-3,Geography-HL,German_B-AB,Polish_A-SL-1
27,0.55,Spanish_B-HL,CAS-3,Geography-HL,German_B-SL,Polish_A-SL-1
23,0.55,Spanish_B-HL,CAS-3,Geography-SL,German_B-AB+SL,Polish_A-HL
21,0.53,Spanish_B-HL,Biology-HL,Chemistry-SL,German_B-AB+SL,Polish_A-HL
22,0.53,Spanish_B-HL,Biology-HL,Geography-SL,German_B-AB+SL,Polish_A-HL
20,0.53,Spanish_B-HL,Biology-HL,Chemistry-SL,German_B-SL,Polish_A-HL
27,0.53,Spanish_B-HL,German_B-AB,Math_AA-HL-2,Physics-SL,Polish_A-HL
23,0.5,Spanish_B-HL,Biology-HL,Geography-SL,German_B-SL,History-HL,Polish_A-HL
18,0.5,Spanish_B-HL,German_B-SL,Math_AA-HL-2,Polish_A-HL
27,0.5,Spanish_B-HL,Biology-HL,Geography-HL,German_B-AB,Physics-SL,Polish_A-HL
23,0.5,Spanish_B-HL,English_B-HL-2,Polish_A-HL,TOK-2
24,0.5,Spanish_B-HL,Biology-HL,Chemistry-SL,Computer_Science-HL,German_B-AB,Polish_A-HL
16,0.5,Spanish_B-HL,English_B-HL-1,German_B-SL,History-HL
27,0.5,Spanish_B-HL,English_B-HL-1,German_B-AB+SL,TOK-3
26,0.5,Spanish_B-HL,English_B-HL-1,German_B-SL,TOK-3
19,0.5,Spanish_B-HL,German_B-AB+SL,Math_AA-HL-2,Polish_A-HL
28,0.5,Spanish_B-HL,Biology-HL,Geography-HL,History-HL,Physics-SL,Polish_A-HL
28,0.5,Spanish_B-HL,Biology-HL,Geography-SL,German_B-AB,Physics-HL,Polish_A-HL
15,0.5,Spanish_B-HL,English_B-HL-2,Geography-HL,Polish_A-HL
29,0.5,Spanish_B-HL,Biology-HL,Geography-SL,History-HL,Physics-HL,Polish_A-HL
25,0.5,Spanish_B-HL,English_B-HL-1,German_B-AB,TOK-3
27,0.46,Spanish_B-HL,CAS-3,English_B-HL-1,German_B-AB+SL
25,0.46,Spanish_B-HL,CAS-3,English_B-HL-1,German_B-AB
17,0.46,Spanish_B-HL,BM-HL,German_B-SL,History-HL,Polish_A-HL
27,0.46,Spanish_B-HL,BM-HL,German_B-SL,Polish_A-HL,TOK-3
26,0.46,Spanish_B-HL,CAS-3,English_B-HL-1,German_B-SL
25,0.46,Spanish_B-HL,German_B-AB,Math_AA-HL-2,Physics-HL,Polish_A-HL
22,0.46,Spanish_B-HL,BM-HL,German_B-AB,Physics-HL,Polish_A-HL
26,0.46,Spanish_B-HL,BM-HL,German_B-AB,Polish_A-HL,TOK-3
19,0.46,Spanish_B-HL,Biology-HL,Geography-HL,German_B-AB+SL,Polish_A-HL
23,0.46,Spanish_B-HL,BM-HL,History-HL,Physics-HL,Polish_A-HL
28,0.46,Spanish_B-HL,BM-HL,German_B-AB+SL,Polish_A-HL,TOK-3
20,0.44,Spanish_B-HL,Biology-HL,Geography-HL,German_B-SL,History-HL,Polish_A-HL
25,0.44,Spanish_B-HL,Biology-HL,Geography-HL,German_B-AB,Physics-HL,Polish_A-HL
23,0.44,Spanish_B-HL,Biology-HL,Computer_Science-HL,Geography-HL,History-HL,Polish_A-HL
26,0.44,Spanish_B-HL,Biology-HL,Geography-HL,History-HL,Physics-HL,Polish_A-HL
22,0.44,Spanish_B-HL,Biology-HL,Computer_Science-HL,Geography-HL,German_B-AB,Polish_A-HL
26,0.43,Spanish_B-HL,BM-HL,CAS-3,German_B-AB,Polish_A-HL
27,0.43,Spanish_B-HL,BM-HL,CAS-3,German_B-SL,Polish_A-HL
28,0.43,Spanish_B-HL,BM-HL,CAS-3,German_B-AB+SL,Polish_A-HL
17,1,History-SL,Spanish_B-AB
24,1,History-SL,Biology-SL,Geography-SL
23,0.75,History-SL,Biology-SL,Geography-HL,Spanish_B-SL
14,0.75,History-SL,Math_AA-SL,Polish_A-HL,Spanish_B-SL
20,0.75,History-SL,Polish_A-SL-1,Spanish_B-SL,SSSTS-SL
18,0.75,History-SL,Geography-HL,Polish_A-SL-1,Spanish_B-SL
17,0.67,History-SL,English_B-HL-1,Spanish_B-SL
22,0.67,History-SL,Biology-HL,Geography-SL,Polish_A-HL
20,0.63,History-SL,Chemistry-HL,Geography-HL,Polish_A-HL
18,0.63,History-SL,Polish_A-HL,Spanish_B-SL,TOK-2
12,0.63,History-SL,Polish_A-HL,Spanish_B-SL,SSSTS-SL
18,0.58,History-SL,BM-HL,Polish_A-HL,Spanish_B-SL
18,0.56,History-SL,CAS-2,Polish_A-HL,Spanish_B-SL
21,0.53,History-SL,Biology-HL,Geography-HL,Polish_A-HL,Spanish_B-SL
18,1,TOK-3,Geography-HL,German_B-AB,Polish_A-HL,Spanish_B-HL
19,1,TOK-3,English_A-HL,Geography-HL,German_B-AB,Polish_A-HL
28,1,TOK-3,German_B-AB+SL,Polish_A-HL,Spanish_B-HL,TOK-2
21,1,TOK-3,English_A-HL,Geography-HL,German_B-AB+SL,Polish_A-HL
19,1,TOK-3,Geography-HL,German_B-SL,Polish_A-HL,Spanish_B-HL
27,1,TOK-3,German_B-SL,Polish_A-HL,Spanish_B-HL,TOK-2
20,1,TOK-3,English_A-HL,Geography-HL,German_B-SL,Polish_A-HL
26,1,TOK-3,German_B-AB,Polish_A-HL,Spanish_B-HL,TOK-2
20,1,TOK-3,Geography-HL,German_B-AB+SL,Polish_A-HL,Spanish_B-HL
26,0.9,TOK-3,CAS-2,German_B-AB,Polish_A-HL,Spanish_B-HL
28,0.9,TOK-3,CAS-2,German_B-AB+SL,Polish_A-HL,Spanish_B-HL
27,0.9,TOK-3,CAS-2,German_B-SL,Polish_A-HL,Spanish_B-HL
35,0.83,TOK-3,CAS-1,TOK-2
27,0.83,TOK-3,CAS-1,Geography-HL
21,0.75,TOK-3,Geography-SL,German_B-AB,Math_AI-SL
23,0.75,TOK-3,Geography-SL,German_B-AB+SL,Math_AI-SL
22,0.75,TOK-3,Geography-SL,German_B-SL,Math_AI-SL
19,0.63,TOK-3,Geography-HL,German_B-SL,Math_AI-SL
27,0.63,TOK-3,German_B-SL,Math_AI-SL,TOK-2
20,0.63,TOK-3,Geography-HL,German_B-AB+SL,Math_AI-SL
26,0.63,TOK-3,German_B-AB,Math_AI-SL,TOK-2
28,0.63,TOK-3,German_B-AB+SL,Math_AI-SL,TOK-2
18,0.63,TOK-3,Geography-HL,German_B-AB,Math_AI-SL
27,0.6,TOK-3,Geography-HL,German_B-SL,Polish_A-SL-1,Spanish_B-HL
21,0.6,TOK-3,Geography-SL,German_B-AB,Polish_A-HL,Spanish_B-HL
22,0.6,TOK-3,English_A-HL,Geography-SL,German_B-AB,Polish_A-HL
26,0.6,TOK-3,Geography-HL,German_B-AB,Polish_A-SL-1,Spanish_B-HL
24,0.6,TOK-3,English_A-HL,Geography-SL,German_B-AB+SL,Polish_A-HL
29,0.6,TOK-3,English_A-HL,Geography-HL,German_B-AB+SL,Polish_A-SL-1
22,0.6,TOK-3,Geography-SL,German_B-SL,Polish_A-HL,Spanish_B-HL
27,0.6,TOK-3,English_A-HL,Geography-HL,German_B-AB,Polish_A-SL-1
23,0.6,TOK-3,Geography-SL,German_B-AB+SL,Polish_A-HL,Spanish_B-HL
28,0.6,TOK-3,Geography-HL,German_B-AB+SL,Polish_A-SL-1,Spanish_B-HL
23,0.6,TOK-3,English_A-HL,Geography-SL,German_B-SL,Polish_A-HL
28,0.6,TOK-3,English_A-HL,Geography-HL,German_B-SL,Polish_A-SL-1
26,0.58,TOK-3,BM-HL,German_B-AB,Math_AI-SL
28,0.58,TOK-3,BM-HL,German_B-AB+SL,Math_AI-SL
27,0.58,TOK-3,BM-HL,German_B-SL,Math_AI-SL
26,0.56,TOK-3,CAS-2,German_B-AB,Math_AI-SL
27,0.56,TOK-3,CAS-2,German_B-SL,Math_AI-SL
28,0.56,TOK-3,CAS-2,German_B-AB+SL,Math_AI-SL
25,0.5,TOK-3,English_B-HL-1,German_B-AB,Spanish_B-HL
26,0.5,TOK-3,English_B-HL-1,German_B-SL,Spanish_B-HL
27,0.5,TOK-3,English_B-HL-1,German_B-AB+SL,Spanish_B-HL
35,0.5,TOK-3,BM-HL,CAS-1
28,0.5,TOK-3,English_A-HL,English_B-HL-1,German_B-AB+SL
26,0.5,TOK-3,English_A-HL,English_B-HL-1,German_B-AB
27,0.5,TOK-3,English_A-HL,English_B-HL-1,German_B-SL
26,0.46,TOK-3,BM-HL,German_B-AB,Polish_A-HL,Spanish_B-HL
27,0.46,TOK-3,BM-HL,German_B-SL,Polish_A-HL,Spanish_B-HL
28,0.46,TOK-3,BM-HL,German_B-AB+SL,Polish_A-HL,Spanish_B-HL
19,0.9,CAS-3,Geography-HL,German_B-SL,Polish_A-HL,Spanish_B-HL
26,0.9,CAS-3,German_B-AB,Polish_A-HL,Spanish_B-HL,TOK-2
27,0.9,CAS-3,German_B-SL,Polish_A-HL,Spanish_B-HL,TOK-2
28,0.9,CAS-3,German_B-AB+SL,Polish_A-HL,Spanish_B-HL,TOK-2
21,0.9,CAS-3,English_A-HL,Geography-HL,German_B-AB+SL,Polish_A-HL
20,0.9,CAS-3,Geography-HL,German_B-AB+SL,Polish_A-HL,Spanish_B-HL
18,0.9,CAS-3,Geography-HL,German_B-AB,Polish_A-HL,Spanish_B-HL
19,0.9,CAS-3,English_A-HL,Geography-HL,German_B-AB,Polish_A-HL
20,0.9,CAS-3,English_A-HL,Geography-HL,German_B-SL,Polish_A-HL
27,0.88,CAS-3,German_B-AB,Psychology-HL,TOK-2
28,0.88,CAS-3,German_B-SL,Psychology-HL,TOK-2
29,0.88,CAS-3,German_B-AB+SL,Psychology-HL,TOK-2
19,0.88,CAS-3,Geography-HL,German_B-AB,Psychology-HL
21,0.88,CAS-3,Geography-HL,German_B-AB+SL,Psychology-HL
20,0.88,CAS-3,Geography-HL,German_B-SL,Psychology-HL
35,0.83,CAS-3,TOK-1,TOK-2
27,0.83,CAS-3,Geography-HL,TOK-1
21,0.69,CAS-3,Geography-SL,German_B-AB,Math_AI-SL
23,0.69,CAS-3,Geography-SL,German_B-AB+SL,Math_AI-SL
22,0.69,CAS-3,Geography-SL,German_B-SL,Math_AI-SL
24,0.56,CAS-3,Geography-HL,German_B-AB+SL,Psychology-SL
30,0.56,CAS-3,German_B-AB,Psychology-SL,TOK-2
32,0.56,CAS-3,German_B-AB+SL,Psychology-SL,TOK-2
20,0.56,CAS-3,Geography-HL,German_B-AB+SL,Math_AI-SL
27,0.56,CAS-3,German_B-SL,Math_AI-SL,TOK-2
26,0.56,CAS-3,German_B-AB,Math_AI-SL,TOK-2
22,0.56,CAS-3,Geography-HL,German_B-AB,Psychology-SL
19,0.56,CAS-3,Geography-HL,German_B-SL,Math_AI-SL
28,0.56,CAS-3,German_B-AB+SL,Math_AI-SL,TOK-2
31,0.56,CAS-3,German_B-SL,Psychology-SL,TOK-2
23,0.56,CAS-3,Geography-HL,German_B-SL,Psychology-SL
18,0.56,CAS-3,Geography-HL,German_B-AB,Math_AI-SL
22,0.55,CAS-3,Geography-SL,German_B-SL,Polish_A-HL,Spanish_B-HL
29,0.55,CAS-3,English_A-HL,Geography-HL,German_B-AB+SL,Polish_A-SL-1
28,0.55,CAS-3,English_A-HL,Geography-HL,German_B-SL,Polish_A-SL-1
27,0.55,CAS-3,Geography-HL,German_B-SL,Polish_A-SL-1,Spanish_B-HL
23,0.55,CAS-3,Geography-SL,German_B-AB+SL,Polish_A-HL,Spanish_B-HL
21,0.55,CAS-3,Geography-SL,German_B-AB,Polish_A-HL,Spanish_B-HL
22,0.55,CAS-3,English_A-HL,Geography-SL,German_B-AB,Polish_A-HL
28,0.55,CAS-3,Geography-HL,German_B-AB+SL,Polish_A-SL-1,Spanish_B-HL
26,0.55,CAS-3,Geography-HL,German_B-AB,Polish_A-SL-1,Spanish_B-HL
24,0.55,CAS-3,English_A-HL,Geography-SL,German_B-AB+SL,Polish_A-HL
23,0.55,CAS-3,English_A-HL,Geography-SL,German_B-SL,Polish_A-HL
27,0.55,CAS-3,English_A-HL,Geography-HL,German_B-AB,Polish_A-SL-1
32,0.54,CAS-3,BM-HL,German_B-AB+SL,Psychology-SL
27,0.54,CAS-3,BM-HL,German_B-SL,Math_AI-SL
28,0.54,CAS-3,BM-HL,German_B-AB+SL,Math_AI-SL
30,0.54,CAS-3,BM-HL,German_B-AB,Psychology-SL
31,0.54,CAS-3,BM-HL,German_B-SL,Psychology-SL
26,0.54,CAS-3,BM-HL,German_B-AB,Math_AI-SL
35,0.5,CAS-3,BM-HL,TOK-1
27,0.46,CAS-3,English_B-HL-1,German_B-AB+SL,Spanish_B-HL
27,0.46,CAS-3,English_A-HL,English_B-HL-1,German_B-SL
28,0.46,CAS-3,English_A-HL,English_B-HL-1,German_B-AB+SL
29,0.46,CAS-3,BM-HL,German_B-AB+SL,Psychology-HL
26,0.46,CAS-3,English_B-HL-1,German_B-SL,Spanish_B-HL
25,0.46,CAS-3,English_B-HL-1,German_B-AB,Spanish_B-HL
27,0.46,CAS-3,BM-HL,German_B-AB,Psychology-HL
26,0.46,CAS-3,English_A-HL,English_B-HL-1,German_B-AB
28,0.46,CAS-3,BM-HL,German_B-SL,Psychology-HL
27,0.43,CAS-3,BM-HL,German_B-SL,Polish_A-HL,Spanish_B-HL
28,0.43,CAS-3,BM-HL,German_B-AB+SL,Polish_A-HL,Spanish_B-HL
26,0.43,CAS-3,BM-HL,German_B-AB,Polish_A-HL,Spanish_B-HL
21,0.88,Math_AA-SL,History-HL,Math_AI-SL,Physics-SL
20,0.88,Math_AA-SL,German_B-AB,Math_AI-SL,Physics-SL
14,0.75,Math_AA-SL,History-SL,Polish_A-HL,Spanish_B-SL
14,0.75,Math_AA-SL,German_B-AB+SL,Math_AI-SL,Spanish_B-SL
18,0.75,Math_AA-SL,German_B-AB,Math_AI-SL,Physics-HL
24,0.75,Math_AA-SL,English_A-SL,History-HL,Polish_A-HL
22,0.75,Math_AA-SL,History-HL,Physics-SL,Psychology-HL
23,0.75,Math_AA-SL,English_A-SL,German_B-AB,Polish_A-HL
12,0.75,Math_AA-SL,German_B-AB,Polish_A-HL,Spanish_B-SL+HL
21,0.75,Math_AA-SL,German_B-AB,Physics-SL,Psychology-HL
14,0.75,Math_AA-SL,German_B-AB+SL,Polish_A-HL,Spanish_B-SL+HL
19,0.75,Math_AA-SL,History-HL,Math_AI-SL,Physics-HL
12,0.75,Math_AA-SL,German_B-AB,Math_AI-SL,Spanish_B-SL
21,0.7,Math_AA-SL,History-HL,Physics-SL,Polish_A-HL,Spanish_B-HL
15,0.7,Math_AA-SL,German_B-SL,History-HL,Polish_A-HL,Spanish_B-SL+HL
15,0.7,Math_AA-SL,German_B-SL,History-HL,Math_AI-SL,Spanish_B-SL
20,0.7,Math_AA-SL,German_B-AB,Physics-SL,Polish_A-HL,Spanish_B-HL
21,0.7,Math_AA-SL,English_A-HL,German_B-AB,Physics-SL,Polish_A-HL
22,0.7,Math_AA-SL,English_A-HL,History-HL,Physics-SL,Polish_A-HL
22,0.67,Math_AA-SL,Math_AA-HL-1,Psychology-HL
13,0.67,Math_AA-SL,German_B-AB+SL,Psychology-HL
14,0.63,Math_AA-SL,German_B-SL,History-HL,Psychology-HL
19,0.63,Math_AA-SL,German_B-AB,Physics-HL,Psychology-HL
12,0.63,Math_AA-SL,German_B-AB+SL,Polish_A-HL,Spanish_B-HL
20,0.63,Math_AA-SL,History-HL,Physics-HL,Psychology-HL
19,0.6,Math_AA-SL,History-HL,Physics-HL,Polish_A-HL,Spanish_B-HL
15,0.6,Math_AA-SL,English_A-HL,German_B-AB+SL,Polish_A-HL,Spanish_B-SL
20,0.6,Math_AA-SL,English_A-HL,History-HL,Physics-HL,Polish_A-HL
18,0.6,Math_AA-SL,German_B-AB,Physics-HL,Polish_A-HL,Spanish_B-HL
13,0.6,Math_AA-SL,German_B-SL,History-HL,Polish_A-HL,Spanish_B-HL
13,0.6,Math_AA-SL,English_A-HL,German_B-AB,Polish_A-HL,Spanish_B-SL
19,0.6,Math_AA-SL,English_A-HL,German_B-AB,Physics-HL,Polish_A-HL
22,0.58,Math_AA-SL,English_A-HL,Math_AA-HL-1,Polish_A-HL
16,0.58,Math_AA-SL,English_A-HL,German_B-SL,History-HL,Polish_A-HL,Spanish_B-SL
21,0.58,Math_AA-SL,Math_AA-HL-1,Polish_A-HL,Spanish_B-HL
23,0.88,Chemistry-SL,Biology-SL,German_B-AB,Spanish_B-SL+HL
25,0.88,Chemistry-SL,Biology-SL,German_B-AB+SL,Spanish_B-SL+HL
24,0.88,Chemistry-SL,Biology-SL,German_B-SL,Spanish_B-SL+HL
14,0.83,Chemistry-SL,German_B-AB+SL,Psychology-SL
12,0.83,Chemistry-SL,German_B-AB,Psychology-SL
13,0.83,Chemistry-SL,German_B-SL,Psychology-SL
21,0.83,Chemistry-SL,German_B-AB+SL,Spanish_B-AB
20,0.83,Chemistry-SL,German_B-SL,Spanish_B-AB
19,0.83,Chemistry-SL,German_B-AB,Spanish_B-AB
21,0.75,Chemistry-SL,English_A-SL,German_B-AB,Polish_A-HL
23,0.75,Chemistry-SL,Biology-SL,German_B-SL,Spanish_B-SL
17,0.75,Chemistry-SL,TOK-1
22,0.75,Chemistry-SL,Biology-SL,German_B-SL,Spanish_B-HL
24,0.75,Chemistry-SL,Biology-SL,German_B-AB+SL,Spanish_B-SL
23,0.75,Chemistry-SL,Biology-SL,German_B-AB+SL,Spanish_B-HL
22,0.75,Chemistry-SL,Biology-SL,German_B-AB,Spanish_B-SL
26,0.7,Chemistry-SL,Biology-SL,Computer_Science-HL,German_B-AB,Spanish_B-HL
31,0.67,Chemistry-SL,Biology-HL,Computer_Science-SL,Polish_A-HL
17,0.63,Chemistry-SL,CAS-1
21,0.6,Chemistry-SL,Biology-HL,German_B-AB,Math_AI-SL,Spanish_B-SL
24,0.6,Chemistry-SL,Biology-HL,Computer_Science-HL,German_B-AB,Math_AI-SL
23,0.6,Chemistry-SL,Biology-HL,German_B-AB+SL,Polish_A-HL,Spanish_B-SL+HL
22,0.6,Chemistry-SL,Biology-HL,German_B-SL,Polish_A-HL,Spanish_B-SL+HL
21,0.6,Chemistry-SL,Biology-HL,German_B-AB,Polish_A-HL,Spanish_B-SL+HL
22,0.6,Chemistry-SL,Biology-HL,German_B-SL,Math_AI-SL,Spanish_B-SL
23,0.6,Chemistry-SL,Biology-HL,German_B-AB+SL,Math_AI-SL,Spanish_B-SL
22,0.58,Chemistry-SL,Biology-HL,German_B-AB+SL,Psychology-HL
21,0.58,Chemistry-SL,Biology-HL,German_B-SL,Psychology-HL
20,0.58,Chemistry-SL,Biology-HL,German_B-AB,Psychology-HL
20,0.53,Chemistry-SL,Biology-HL,German_B-SL,Polish_A-HL,Spanish_B-HL
21,0.53,Chemistry-SL,Biology-HL,German_B-AB+SL,Polish_A-HL,Spanish_B-HL
24,0.5,Chemistry-SL,Biology-HL,Computer_Science-HL,German_B-AB,Polish_A-HL,Spanish_B-HL
24,0.5,Chemistry-SL,Biology-HL,English_A-HL,German_B-AB+SL,Polish_A-HL,Spanish_B-SL
23,0.5,Chemistry-SL,Biology-HL,English_A-HL,German_B-SL,Polish_A-HL,Spanish_B-SL
25,0.5,Chemistry-SL,Biology-HL,Computer_Science-HL,English_A-HL,German_B-AB,Polish_A-HL
22,0.5,Chemistry-SL,Biology-HL,English_A-HL,German_B-AB,Polish_A-HL,Spanish_B-SL
25,1,Geography-HL,Chemistry-HL,Computer_Science-HL,English_A-HL,History-HL,Polish_A-HL
24,1,Geography-HL,Chemistry-HL,Computer_Science-HL,History-HL,Polish_A-HL,Spanish_B-HL
20,1,Geography-HL,Chemistry-HL,German_B-AB+SL,Polish_A-HL,Spanish_B-HL
23,1,Geography-HL,Chemistry-HL,Computer_Science-HL,German_B-AB,Polish_A-HL,Spanish_B-HL
22,1,Geography-HL,Chemistry-HL,German_B-SL,History-HL,Psychology-HL
18,1,Geography-HL,German_B-AB,Polish_A-HL,Spanish_B-HL,TOK-3
21,1,Geography-HL,Chemistry-HL,German_B-AB+SL,Psychology-HL
19,1,Geography-HL,German_B-SL,Polish_A-HL,Spanish_B-HL,TOK-3
22,1,Geography-HL,Chemistry-HL,English_A-HL,German_B-SL,History-HL,Polish_A-HL
21,1,Geography-HL,Chemistry-HL,English_A-HL,German_B-AB+SL,Polish_A-HL
20,1,Geography-HL,German_B-AB+SL,Polish_A-HL,Spanish_B-HL,TOK-3
24,1,Geography-HL,Chemistry-HL,Computer_Science-HL,English_A-HL,German_B-AB,Polish_A-HL
21,1,Geography-HL,English_A-HL,German_B-AB+SL,Polish_A-HL,TOK-3
20,1,Geography-HL,English_A-HL,German_B-SL,Polish_A-HL,TOK-3
19,1,Geography-HL,Chemistry-HL,German_B-AB,Psychology-HL
21,1,Geography-HL,Chemistry-HL,German_B-SL,History-HL,Polish_A-HL,Spanish_B-HL
19,1,Geography-HL,English_A-HL,German_B-AB,Polish_A-HL,TOK-3
19,0.9,Geography-HL,CAS-3,German_B-SL,Polish_A-HL,Spanish_B-HL
21,0.9,Geography-HL,CAS-3,English_A-HL,German_B-AB+SL,Polish_A-HL
20,0.9,Geography-HL,CAS-3,German_B-AB+SL,Polish_A-HL,Spanish_B-HL
18,0.9,Geography-HL,CAS-3,German_B-AB,Polish_A-HL,Spanish_B-HL
20,0.9,Geography-HL,CAS-3,English_A-HL,German_B-SL,Polish_A-HL
19,0.9,Geography-HL,CAS-3,English_A-HL,German_B-AB,Polish_A-HL
19,0.88,Geography-HL,CAS-3,German_B-AB,Psychology-HL
20,0.88,Geography-HL,CAS-3,German_B-SL,Psychology-HL
21,0.88,Geography-HL,CAS-3,German_B-AB+SL,Psychology-HL
24,0.88,Geography-HL,Polish_A-SL-1,Polish_A-SL-2,Spanish_B-SL+HL
27,0.83,Geography-HL,CAS-1,TOK-3
27,0.83,Geography-HL,CAS-3,TOK-1
18,0.83,Geography-HL,Polish_A-SL-2,Psychology-SL
16,0.75,Geography-HL,German_B-AB,Polish_A-SL-1,Spanish_B-SL+HL
23,0.75,Geography-HL,Biology-SL,History-SL,Spanish_B-SL
22,0.75,Geography-HL,Polish_A-SL-1,Polish_A-SL-2,Spanish_B-HL
18,0.75,Geography-HL,History-SL,Polish_A-SL-1,Spanish_B-SL
26,0.75,Geography-HL,BM-SL,German_B-AB,Psychology-SL
16,0.75,Geography-HL,Math_AI-SL,Polish_A-SL-2,Spanish_B-SL
22,0.75,Geography-HL,BM-SL,German_B-AB,Math_AI-SL
16,0.75,Geography-HL,Polish_A-HL,Polish_A-SL-2,Spanish_B-SL+HL
21,0.75,Geography-HL,Biology-SL,German_B-AB,Spanish_B-SL+HL
23,0.75,Geography-HL,Biology-SL,German_B-AB+SL,Spanish_B-SL+HL
18,0.75,Geography-HL,German_B-AB+SL,Polish_A-SL-1,Spanish_B-SL+HL
25,0.7,Geography-HL,English_A-HL,Polish_A-SL-1,Polish_A-SL-2,Spanish_B-SL
19,0.7,Geography-HL,German_B-SL,History-HL,Polish_A-SL-1,Spanish_B-SL+HL
31,0.7,Geography-HL,BM-SL,English_A-HL,German_B-AB,Polish_A-SL-1
24,0.7,Geography-HL,Biology-SL,German_B-SL,History-HL,Spanish_B-SL+HL
30,0.7,Geography-HL,BM-SL,German_B-AB,Polish_A-SL-1,Spanish_B-HL
30,0.7,Geography-HL,Biology-SL,History-HL,Physics-SL,Spanish_B-HL
29,0.7,Geography-HL,Biology-SL,German_B-AB,Physics-SL,Spanish_B-HL
25,0.67,Geography-HL,English_B-HL-2,Polish_A-SL-1,Spanish_B-SL+HL
19,0.67,Geography-HL,English_B-HL-2,Psychology-SL
15,0.67,Geography-HL,Polish_A-SL-2,Psychology-HL
14,0.63,Geography-HL,Polish_A-HL,Polish_A-SL-2,Spanish_B-HL
13,0.63,Geography-HL,German_B-SL,History-HL,Psychology-SL
20,0.63,Geography-HL,German_B-AB+SL,Math_AI-SL,TOK-3
18,0.63,Geography-HL,German_B-AB,Math_AI-SL,TOK-3
22,0.63,Geography-HL,Biology-SL,German_B-AB+SL,Spanish_B-SL
20,0.63,Geography-HL,Chemistry-HL,History-SL,Polish_A-HL
20,0.63,Geography-HL,Biology-SL,German_B-AB,Spanish_B-SL
23,0.63,Geography-HL,BM-SL,German_B-AB,Psychology-HL
21,0.63,Geography-HL,Biology-SL,German_B-AB+SL,Spanish_B-HL
20,0.63,Geography-HL,Chemistry-HL,German_B-AB+SL,Math_AI-SL
19,0.63,Geography-HL,German_B-SL,Math_AI-SL,TOK-3
17,0.6,Geography-HL,German_B-SL,History-HL,Polish_A-SL-1,Spanish_B-HL
27,0.6,Geography-HL,Biology-HL,German_B-AB,Math_AI-SL,Physics-SL
28,0.6,Geography-HL,Biology-SL,History-HL,Physics-HL,Spanish_B-HL
28,0.6,Geography-HL,German_B-AB+SL,Polish_A-SL-1,Spanish_B-HL,TOK-3
24,0.6,Geography-HL,Biology-SL,Computer_Science-HL,German_B-AB,Spanish_B-HL
29,0.6,Geography-HL,English_A-HL,German_B-AB+SL,Polish_A-SL-1,TOK-3
28,0.6,Geography-HL,Biology-HL,History-HL,Math_AI-SL,Physics-SL
28,0.6,Geography-HL,English_A-HL,German_B-SL,Polish_A-SL-1,TOK-3
23,0.6,Geography-HL,BM-SL,English_A-HL,German_B-AB,Polish_A-HL
23,0.6,Geography-HL,Chemistry-HL,Computer_Science-HL,German_B-AB,Math_AI-SL
27,0.6,Geography-HL,English_A-HL,German_B-AB,Polish_A-SL-1,TOK-3
26,0.6,Geography-HL,German_B-AB,Polish_A-SL-1,Spanish_B-HL,TOK-3
22,0.6,Geography-HL,BM-SL,German_B-AB,Polish_A-HL,Spanish_B-HL
24,0.6,Geography-HL,Chemistry-HL,Computer_Science-HL,History-HL,Math_AI-SL
17,0.6,Geography-HL,English_A-HL,German_B-AB,Polish_A-SL-1,Spanish_B-SL
23,0.6,Geography-HL,Biology-SL,German_B-SL,History-HL,Spanish_B-SL
17,0.6,Geography-HL,English_A-HL,Polish_A-HL,Polish_A-SL-2,Spanish_B-SL
27,0.6,Geography-HL,Biology-SL,German_B-AB,Physics-HL,Spanish_B-HL
25,0.6,Geography-HL,Biology-SL,Computer_Science-HL,History-HL,Spanish_B-HL
19,0.6,Geography-HL,English_A-HL,German_B-AB+SL,Polish_A-SL-1,Spanish_B-SL
22,0.6,Geography-HL,Biology-SL,German_B-SL,History-HL,Spanish_B-HL
27,0.6,Geography-HL,German_B-SL,Polish_A-SL-1,Spanish_B-HL,TOK-3
21,0.6,Geography-HL,Chemistry-HL,German_B-SL,History-HL,Math_AI-SL
17,0.58,Geography-HL,English_B-HL-2,Polish_A-HL,Spanish_B-SL+HL
20,0.58,Geography-HL,English_A-HL,German_B-SL,History-HL,Polish_A-SL-1,Spanish_B-SL
23,0.58,Geography-HL,English_B-HL-2,Polish_A-SL-1,Spanish_B-HL
17,0.58,Geography-HL,English_B-HL-2,Math_AI-SL,Spanish_B-SL
24,0.56,Geography-HL,CAS-3,German_B-AB+SL,Psychology-SL
22,0.56,Geography-HL,CAS-3,German_B-AB,Psychology-SL
23,0.56,Geography-HL,CAS-3,German_B-SL,Psychology-SL
20,0.56,Geography-HL,CAS-3,German_B-AB+SL,Math_AI-SL
19,0.56,Geography-HL,CAS-3,German_B-SL,Math_AI-SL
28,0.55,Geography-HL,CAS-3,English_A-HL,German_B-SL,Polish_A-SL-1
26,0.55,Geography-HL,CAS-3,German_B-AB,Polish_A-SL-1,Spanish_B-HL
16,0.55,Geography-HL,English_B-HL-2,Psychology-HL
27,0.55,Geography-HL,CAS-3,German_B-SL,Polish_A-SL-1,Spanish_B-HL
27,0.55,Geography-HL,CAS-3,English_A-HL,German_B-AB,Polish_A-SL-1
28,0.55,Geography-HL,CAS-3,German_B-AB+SL,Polish_A-SL-1,Spanish_B-HL
29,0.55,Geography-HL,CAS-3,English_A-HL,German_B-AB+SL,Polish_A-SL-1
21,0.53,Geography-HL,Biology-HL,History-SL,Polish_A-HL,Spanish_B-SL
21,0.53,Geography-HL,Biology-HL,German_B-AB+SL,Math_AI-SL,Spanish_B-SL
26,0.53,Geography-HL,English_A-HL,English_B-HL-2,Polish_A-SL-1,Spanish_B-SL
21,0.53,Geography-HL,Biology-HL,German_B-AB+SL,Polish_A-HL,Spanish_B-SL+HL
23,0.53,Geography-HL,Biology-HL,Computer_Science-HL,History-HL,Math_AI-SL
22,0.53,Geography-HL,Biology-HL,Computer_Science-HL,German_B-AB,Math_AI-SL
19,0.53,Geography-HL,Biology-HL,German_B-AB,Polish_A-HL,Spanish_B-SL+HL
25,0.53,Geography-HL,Biology-HL,German_B-AB,Math_AI-SL,Physics-HL
28,0.53,Geography-HL,Biology-HL,German_B-AB,Physics-SL,Psychology-HL
29,0.53,Geography-HL,Biology-HL,History-HL,Physics-SL,Psychology-HL
19,0.53,Geography-HL,Biology-HL,German_B-AB,Math_AI-SL,Spanish_B-SL
26,0.53,Geography-HL,Biology-HL,History-HL,Math_AI-SL,Physics-HL
28,0.5,Geography-HL,Biology-HL,English_A-HL,German_B-AB,Physics-SL,Polish_A-HL
22,0.5,Geography-HL,Biology-HL,German_B-SL,History-HL,Polish_A-HL,Spanish_B-SL+HL
29,0.5,Geography-HL,Biology-HL,English_A-HL,History-HL,Physics-SL,Polish_A-HL
15,0.5,Geography-HL,English_B-HL-2,Polish_A-HL,Spanish_B-HL
28,0.5,Geography-HL,Biology-HL,History-HL,Physics-SL,Polish_A-HL,Spanish_B-HL
27,0.5,Geography-HL,Biology-HL,German_B-AB,Physics-SL,Polish_A-HL,Spanish_B-HL
20,0.5,Geography-HL,Biology-HL,German_B-AB+SL,Psychology-HL
22,0.5,Geography-HL,Biology-HL,German_B-SL,History-HL,Math_AI-SL,Spanish_B-SL
18,0.46,Geography-HL,English_A-HL,English_B-HL-2,Polish_A-HL,Spanish_B-SL
21,0.46,Geography-HL,Biology-HL,German_B-SL,History-HL,Psychology-HL
26,0.46,Geography-HL,Biology-HL,German_B-AB,Physics-HL,Psychology-HL
19,0.46,Geography-HL,Biology-HL,German_B-AB+SL,Polish_A-HL,Spanish_B-HL
27,0.46,Geography-HL,Biology-HL,History-HL,Physics-HL,Psychology-HL
26,0.44,Geography-HL,Biology-HL,English_A-HL,German_B-AB,Physics-HL,Polish_A-HL
26,0.44,Geography-HL,Biology-HL,History-HL,Physics-HL,Polish_A-HL,Spanish_B-HL
23,0.44,Geography-HL,Biology-HL,Computer_Science-HL,English_A-HL,German_B-AB,Polish_A-HL
23,0.44,Geography-HL,Biology-HL,Computer_Science-HL,History-HL,Polish_A-HL,Spanish_B-HL
27,0.44,Geography-HL,Biology-HL,English_A-HL,History-HL,Physics-HL,Polish_A-HL
22,0.44,Geography-HL,Biology-HL,English_A-HL,German_B-AB+SL,Polish_A-HL,Spanish_B-SL
24,0.44,Geography-HL,Biology-HL,Computer_Science-HL,English_A-HL,History-HL,Polish_A-HL
20,0.44,Geography-HL,Biology-HL,English_A-HL,German_B-AB,Polish_A-HL,Spanish_B-SL
20,0.44,Geography-HL,Biology-HL,German_B-SL,History-HL,Polish_A-HL,Spanish_B-HL
22,0.44,Geography-HL,Biology-HL,Computer_Science-HL,German_B-AB,Polish_A-HL,Spanish_B-HL
25,0.44,Geography-HL,Biology-HL,German_B-AB,Physics-HL,Polish_A-HL,Spanish_B-HL
23,0.43,Geography-HL,Biology-HL,English_A-HL,German_B-SL,History-HL,Polish_A-HL,Spanish_B-SL
20,0.88,Physics-SL,German_B-AB,Math_AA-SL,Math_AI-SL
21,0.88,Physics-SL,History-HL,Math_AA-SL,Math_AI-SL
32,0.8,Physics-SL,Biology-SL,Geography-SL,German_B-AB,Spanish_B-HL
33,0.8,Physics-SL,Biology-SL,Geography-SL,History-HL,Spanish_B-HL
22,0.75,Physics-SL,History-HL,Math_AA-SL,Psychology-HL
21,0.75,Physics-SL,German_B-AB,Math_AA-SL,Psychology-HL
21,0.7,Physics-SL,English_A-HL,German_B-AB,Math_AA-SL,Polish_A-HL
29,0.7,Physics-SL,Biology-SL,Geography-HL,German_B-AB,Spanish_B-HL
21,0.7,Physics-SL,History-HL,Math_AA-SL,Polish_A-HL,Spanish_B-HL
30,0.7,Physics-SL,Biology-SL,Geography-HL,History-HL,Spanish_B-HL
22,0.7,Physics-SL,English_A-HL,History-HL,Math_AA-SL,Polish_A-HL
20,0.7,Physics-SL,German_B-AB,Math_AA-SL,Polish_A-HL,Spanish_B-HL
27,0.67,Physics-SL,German_B-AB,Math_AA-HL-2,Math_AI-SL
30,0.67,Physics-SL,Biology-HL,Geography-SL,German_B-AB,Math_AI-SL
31,0.67,Physics-SL,Biology-HL,Geography-SL,History-HL,Math_AI-SL
27,0.6,Physics-SL,Biology-HL,Geography-HL,German_B-AB,Math_AI-SL
28,0.6,Physics-SL,Biology-HL,Geography-HL,History-HL,Math_AI-SL
31,0.56,Physics-SL,Biology-HL,English_A-HL,Geography-SL,German_B-AB,Polish_A-HL
32,0.56,Physics-SL,Biology-HL,English_A-HL,Geography-SL,History-HL,Polish_A-HL
31,0.56,Physics-SL,Biology-HL,Geography-SL,History-HL,Polish_A-HL,Spanish_B-HL
30,0.56,Physics-SL,Biology-HL,Geography-SL,German_B-AB,Polish_A-HL,Spanish_B-HL
27,0.53,Physics-SL,German_B-AB,Math_AA-HL-2,Polish_A-HL,Spanish_B-HL
29,0.53,Physics-SL,Biology-HL,Geography-HL,History-HL,Psychology-HL
28,0.53,Physics-SL,Biology-HL,Geography-HL,German_B-AB,Psychology-HL
28,0.5,Physics-SL,Biology-HL,Geography-HL,History-HL,Polish_A-HL,Spanish_B-HL
28,0.5,Physics-SL,Biology-HL,English_A-HL,Geography-HL,German_B-AB,Polish_A-HL
27,0.5,Physics-SL,Biology-HL,Geography-HL,German_B-AB,Polish_A-HL,Spanish_B-HL
29,0.5,Physics-SL,Biology-HL,English_A-HL,Geography-HL,History-HL,Polish_A-HL
25,1,History-HL,Chemistry-HL,Computer_Science-HL,English_A-HL,Geography-HL,Polish_A-HL
18,1,History-HL,German_B-SL,Psychology-HL,TOK-2
12,1,History-HL,German_B-SL,Psychology-HL,SSSTS-SL
23,1,History-HL,Physics-HL,Polish_A-HL,Spanish_B-HL,TOK-2
22,1,History-HL,Chemistry-HL,English_A-HL,Geography-HL,German_B-SL,Polish_A-HL
22,1,History-HL,Chemistry-HL,Geography-HL,German_B-SL,Psychology-HL
24,1,History-HL,Chemistry-HL,Computer_Science-HL,Geography-HL,Polish_A-HL,Spanish_B-HL
18,1,History-HL,German_B-SL,Polish_A-HL,Spanish_B-SL,TOK-2
17,1,History-HL,German_B-SL,Polish_A-HL,Spanish_B-HL,TOK-2
21,1,History-HL,Chemistry-HL,Geography-HL,German_B-SL,Polish_A-HL,Spanish_B-HL
24,1,History-HL,Physics-HL,Psychology-HL,TOK-2
12,1,History-HL,German_B-SL,Polish_A-HL,Spanish_B-SL,SSSTS-SL
11,1,History-HL,German_B-SL,Polish_A-HL,Spanish_B-HL,SSSTS-SL
14,1,History-HL,Computer_Science-HL,Polish_A-HL,Spanish_B-HL,SSSTS-SL
23,0.9,History-HL,CAS-2,Physics-HL,Polish_A-HL,Spanish_B-HL
17,0.9,History-HL,CAS-2,German_B-SL,Polish_A-HL,Spanish_B-HL
18,0.9,History-HL,CAS-2,German_B-SL,Polish_A-HL,Spanish_B-SL
24,0.88,History-HL,CAS-2,Physics-HL,Psychology-HL
21,0.88,History-HL,Math_AA-SL,Math_AI-SL,Physics-SL
18,0.88,History-HL,CAS-2,German_B-SL,Psychology-HL
25,0.83,History-HL,English_A-SL,Polish_A-SL-1
33,0.8,History-HL,Biology-SL,Geography-SL,Physics-SL,Spanish_B-HL
24,0.75,History-HL,English_A-SL,Math_AA-SL,Polish_A-HL
22,0.75,History-HL,Math_AA-SL,Physics-SL,Psychology-HL
19,0.75,History-HL,Math_AA-SL,Math_AI-SL,Physics-HL
19,0.7,History-HL,Geography-HL,German_B-SL,Polish_A-SL-1,Spanish_B-SL+HL
25,0.7,History-HL,Biology-SL,Geography-SL,German_B-SL,Spanish_B-HL
21,0.7,History-HL,German_B-SL,Polish_A-SL-1,Spanish_B-SL+HL,SSSTS-SL
31,0.7,History-HL,Biology-SL,Geography-SL,Physics-HL,Spanish_B-HL
15,0.7,History-HL,German_B-SL,Math_AA-SL,Math_AI-SL,Spanish_B-SL
22,0.7,History-HL,English_A-HL,Math_AA-SL,Physics-SL,Polish_A-HL
24,0.7,History-HL,Biology-SL,Geography-HL,German_B-SL,Spanish_B-SL+HL
21,0.7,History-HL,Math_AA-SL,Physics-SL,Polish_A-HL,Spanish_B-HL
15,0.7,History-HL,German_B-SL,Math_AA-SL,Polish_A-HL,Spanish_B-SL+HL
30,0.7,History-HL,Biology-SL,Geography-HL,Physics-SL,Spanish_B-HL
27,0.67,History-HL,English_A-SL,English_B-HL-1
17,0.67,History-HL,German_B-SL,Spanish_B-AB
31,0.67,History-HL,Biology-HL,Geography-SL,Math_AI-SL,Physics-SL
13,0.63,History-HL,Geography-HL,German_B-SL,Psychology-SL
21,0.63,History-HL,German_B-SL,Psychology-SL,TOK-2
15,0.63,History-HL,German_B-SL,Psychology-SL,SSSTS-SL
23,0.63,History-HL,Math_AI-SL,Physics-HL,TOK-2
14,0.63,History-HL,Computer_Science-HL,Math_AI-SL,SSSTS-SL
20,0.63,History-HL,Math_AA-SL,Physics-HL,Psychology-HL
14,0.63,History-HL,German_B-SL,Math_AA-SL,Psychology-HL
19,0.6,History-HL,German_B-SL,Polish_A-SL-1,Spanish_B-HL,SSSTS-SL
19,0.6,History-HL,German_B-SL,Math_AI-SL,Spanish_B-SL,TOK-2
23,0.6,History-HL,Biology-HL,Geography-SL,German_B-SL,Math_AI-SL
20,0.6,History-HL,German_B-SL,Polish_A-SL-1,Spanish_B-SL,SSSTS-SL
28,0.6,History-HL,Biology-SL,Geography-HL,Physics-HL,Spanish_B-HL
13,0.6,History-HL,German_B-SL,Polish_A-HL,Spanish_B-SL+HL,SSSTS-SL
19,0.6,History-HL,Math_AA-SL,Physics-HL,Polish_A-HL,Spanish_B-HL
21,0.6,History-HL,Chemistry-HL,Geography-HL,German_B-SL,Math_AI-SL
24,0.6,History-HL,Chemistry-HL,Computer_Science-HL,Geography-HL,Math_AI-SL
23,0.6,History-HL,Biology-SL,Geography-HL,German_B-SL,Spanish_B-SL
28,0.6,History-HL,Biology-HL,Geography-HL,Math_AI-SL,Physics-SL
19,0.6,History-HL,German_B-SL,Polish_A-HL,Spanish_B-SL+HL,TOK-2
29,0.6,History-HL,Biology-HL,Geography-SL,Math_AI-SL,Physics-HL
25,0.6,History-HL,Biology-SL,Computer_Science-HL,Geography-HL,Spanish_B-HL
17,0.6,History-HL,Geography-HL,German_B-SL,Polish_A-SL-1,Spanish_B-HL
20,0.6,History-HL,English_A-HL,Math_AA-SL,Physics-HL,Polish_A-HL
22,0.6,History-HL,Biology-SL,Geography-HL,German_B-SL,Spanish_B-HL
13,0.6,History-HL,German_B-SL,Math_AI-SL,Spanish_B-SL,SSSTS-SL
13,0.6,History-HL,German_B-SL,Math_AA-SL,Polish_A-HL,Spanish_B-HL
16,0.58,History-HL,English_A-HL,German_B-SL,Math_AA-SL,Polish_A-HL,Spanish_B-SL
21,0.58,History-HL,BM-HL,German_B-SL,Psychology-SL
18,0.58,History-HL,English_B-HL-1,German_B-SL,Spanish_B-SL+HL
20,0.58,History-HL,English_A-HL,Geography-HL,German_B-SL,Polish_A-SL-1,Spanish_B-SL
23,0.58,History-HL,BM-HL,Math_AI-SL,Physics-HL
31,0.56,History-HL,Biology-HL,Geography-SL,Physics-SL,Polish_A-HL,Spanish_B-HL
32,0.56,History-HL,Biology-HL,English_A-HL,Geography-SL,Physics-SL,Polish_A-HL
21,0.56,History-HL,CAS-2,German_B-SL,Psychology-SL
23,0.56,History-HL,CAS-2,Math_AI-SL,Physics-HL
19,0.55,History-HL,CAS-2,German_B-SL,Polish_A-HL,Spanish_B-SL+HL
19,0.55,History-HL,CAS-2,German_B-SL,Math_AI-SL,Spanish_B-SL
19,0.53,History-HL,BM-HL,German_B-SL,Math_AI-SL,Spanish_B-SL
19,0.53,History-HL,BM-HL,German_B-SL,Polish_A-HL,Spanish_B-SL+HL
29,0.53,History-HL,Biology-HL,Geography-HL,Physics-SL,Psychology-HL
23,0.53,History-HL,Biology-HL,Computer_Science-HL,Geography-HL,Math_AI-SL
26,0.53,History-HL,Biology-HL,Geography-HL,Math_AI-SL,Physics-HL
22,0.5,History-HL,Biology-HL,Geography-HL,German_B-SL,Math_AI-SL,Spanish_B-SL
22,0.5,History-HL,Biology-HL,Geography-HL,German_B-SL,Polish_A-HL,Spanish_B-SL+HL
29,0.5,History-HL,Biology-HL,Geography-SL,Physics-HL,Polish_A-HL,Spanish_B-HL
29,0.5,History-HL,Biology-HL,English_A-HL,Geography-HL,Physics-SL,Polish_A-HL
30,0.5,History-HL,Biology-HL,English_A-HL,Geography-SL,Physics-HL,Polish_A-HL
16,0.5,History-HL,English_B-HL-1,German_B-SL,Spanish_B-HL
24,0.5,History-HL,BM-HL,Physics-HL,Psychology-HL
24,0.5,History-HL,Biology-HL,English_A-HL,Geography-SL,German_B-SL,Polish_A-HL
28,0.5,History-HL,Biology-HL,Geography-HL,Physics-SL,Polish_A-HL,Spanish_B-HL
23,0.5,History-HL,Biology-HL,Geography-SL,German_B-SL,Polish_A-HL,Spanish_B-HL
18,0.5,History-HL,BM-HL,German_B-SL,Psychology-HL
19,0.46,History-HL,English_A-HL,English_B-HL-1,German_B-SL,Spanish_B-SL
27,0.46,History-HL,Biology-HL,Geography-HL,Physics-HL,Psychology-HL
21,0.46,History-HL,Biology-HL,Geography-HL,German_B-SL,Psychology-HL
17,0.46,History-HL,BM-HL,German_B-SL,Polish_A-HL,Spanish_B-HL
18,0.46,History-HL,BM-HL,German_B-SL,Polish_A-HL,Spanish_B-SL
23,0.46,History-HL,BM-HL,Physics-HL,Polish_A-HL,Spanish_B-HL
24,0.44,History-HL,Biology-HL,Computer_Science-HL,English_A-HL,Geography-HL,Polish_A-HL
23,0.44,History-HL,Biology-HL,Computer_Science-HL,Geography-HL,Polish_A-HL,Spanish_B-HL
27,0.44,History-HL,Biology-HL,English_A-HL,Geography-HL,Physics-HL,Polish_A-HL
26,0.44,History-HL,Biology-HL,Geography-HL,Physics-HL,Polish_A-HL,Spanish_B-HL
20,0.44,History-HL,Biology-HL,Geography-HL,German_B-SL,Polish_A-HL,Spanish_B-HL
23,0.43,History-HL,Biology-HL,English_A-HL,Geography-HL,German_B-SL,Polish_A-HL,Spanish_B-SL
23,1,German_B-AB,Chemistry-HL,Computer_Science-HL,Geography-HL,Polish_A-HL,Spanish_B-HL
22,1,German_B-AB,Physics-HL,Polish_A-HL,Spanish_B-HL,TOK-2
13,1,German_B-AB,Computer_Science-HL,Polish_A-HL,Spanish_B-HL,SSSTS-SL
18,1,German_B-AB,Geography-HL,Polish_A-HL,Spanish_B-HL,TOK-3
26,1,German_B-AB,Polish_A-HL,Spanish_B-HL,TOK-2,TOK-3
19,1,German_B-AB,Chemistry-HL,Geography-HL,Psychology-HL
9,1,German_B-AB,Psychology-HL,SSSTS-SL
24,1,German_B-AB,Chemistry-HL,Computer_Science-HL,English_A-HL,Geography-HL,Polish_A-HL
19,1,German_B-AB,English_A-HL,Geography-HL,Polish_A-HL,TOK-3
9,1,German_B-AB,Polish_A-HL,Spanish_B-SL,SSSTS-SL
15,1,German_B-AB,Polish_A-HL,Spanish_B-SL,TOK-2
23,1,German_B-AB,Physics-HL,Psychology-HL,TOK-2
22,0.9,German_B-AB,CAS-2,Physics-HL,Polish_A-HL,Spanish_B-HL
26,0.9,German_B-AB,CAS-3,Polish_A-HL,Spanish_B-HL,TOK-2
26,0.9,German_B-AB,CAS-2,Polish_A-HL,Spanish_B-HL,TOK-3
18,0.9,German_B-AB,CAS-3,Geography-HL,Polish_A-HL,Spanish_B-HL
19,0.9,German_B-AB,CAS-3,English_A-HL,Geography-HL,Polish_A-HL
27,0.88,German_B-AB,CAS-3,Psychology-HL,TOK-2
15,0.88,German_B-AB,CAS-2,Polish_A-HL,Spanish_B-SL
19,0.88,German_B-AB,CAS-3,Geography-HL,Psychology-HL
23,0.88,German_B-AB,Biology-SL,Chemistry-SL,Spanish_B-SL+HL
23,0.88,German_B-AB,CAS-2,Physics-HL,Psychology-HL
19,0.83,German_B-AB,Chemistry-SL,Spanish_B-AB
24,0.83,German_B-AB,English_A-SL,Polish_A-SL-1
12,0.83,German_B-AB,Chemistry-SL,Psychology-SL
32,0.8,German_B-AB,Biology-SL,Geography-SL,Physics-SL,Spanish_B-HL
22,0.75,German_B-AB,Biology-SL,Chemistry-SL,Spanish_B-SL
18,0.75,German_B-AB,Polish_A-SL-1,Spanish_B-SL+HL,SSSTS-SL
21,0.75,German_B-AB,Chemistry-SL,English_A-SL,Polish_A-HL
34,0.75,German_B-AB,BM-SL,Psychology-SL,TOK-2
26,0.75,German_B-AB,BM-SL,Geography-HL,Psychology-SL
12,0.75,German_B-AB,Math_AA-SL,Polish_A-HL,Spanish_B-SL+HL
23,0.75,German_B-AB,English_A-SL,Math_AA-SL,Polish_A-HL
21,0.75,German_B-AB,Geography-SL,Math_AI-SL,TOK-3
12,0.75,German_B-AB,Math_AA-SL,Math_AI-SL,Spanish_B-SL
21,0.75,German_B-AB,Biology-SL,Geography-HL,Spanish_B-SL+HL
18,0.75,German_B-AB,Math_AA-SL,Math_AI-SL,Physics-HL
21,0.75,German_B-AB,Math_AA-SL,Physics-SL,Psychology-HL
16,0.75,German_B-AB,Geography-HL,Polish_A-SL-1,Spanish_B-SL+HL
22,0.75,German_B-AB,BM-SL,Geography-HL,Math_AI-SL
30,0.75,German_B-AB,BM-SL,Math_AI-SL,TOK-2
20,0.7,German_B-AB,Math_AA-SL,Physics-SL,Polish_A-HL,Spanish_B-HL
31,0.7,German_B-AB,BM-SL,English_A-HL,Geography-HL,Polish_A-SL-1
21,0.7,German_B-AB,English_A-HL,Math_AA-SL,Physics-SL,Polish_A-HL
30,0.7,German_B-AB,BM-SL,Geography-HL,Polish_A-SL-1,Spanish_B-HL
26,0.7,German_B-AB,Biology-SL,Chemistry-SL,Computer_Science-HL,Spanish_B-HL
30,0.7,German_B-AB,Biology-SL,Geography-SL,Physics-HL,Spanish_B-HL
29,0.7,German_B-AB,Biology-SL,Geography-HL,Physics-SL,Spanish_B-HL
34,0.69,German_B-AB,BM-SL,CAS-2,Psychology-SL
21,0.69,German_B-AB,CAS-3,Geography-SL,Math_AI-SL
30,0.69,German_B-AB,BM-SL,CAS-2,Math_AI-SL
12,0.67,German_B-AB,Psychology-SL,SSSTS-SL
27,0.67,German_B-AB,Math_AA-HL-2,Math_AI-SL,Physics-SL
26,0.67,German_B-AB,English_A-SL,English_B-HL-1
15,0.67,German_B-AB,English_B-HL-1,Spanish_B-SL+HL
30,0.67,German_B-AB,Biology-HL,Geography-SL,Math_AI-SL,Physics-SL
23,0.63,German_B-AB,BM-SL,Geography-HL,Psychology-HL
16,0.63,German_B-AB,Math_AI-SL,Spanish_B-SL,TOK-2
26,0.63,German_B-AB,Math_AI-SL,TOK-2,TOK-3
20,0.63,German_B-AB,Biology-SL,Geography-HL,Spanish_B-SL
10,0.63,German_B-AB,Math_AI-SL,Spanish_B-SL,SSSTS-SL
16,0.63,German_B-AB,Polish_A-HL,Spanish_B-SL+HL,TOK-2
17,0.63,German_B-AB,Polish_A-SL-1,Spanish_B-SL,SSSTS-SL
13,0.63,German_B-AB,Computer_Science-HL,Math_AI-SL,SSSTS-SL
16,0.63,German_B-AB,Polish_A-SL-1,Spanish_B-HL,SSSTS-SL
19,0.63,German_B-AB,Math_AA-SL,Physics-HL,Psychology-HL
31,0.63,German_B-AB,BM-SL,Psychology-HL,TOK-2
10,0.63,German_B-AB,Polish_A-HL,Spanish_B-SL+HL,SSSTS-SL
18,0.63,German_B-AB,Geography-HL,Math_AI-SL,TOK-3
22,0.63,German_B-AB,Math_AI-SL,Physics-HL,TOK-2
18,0.6,German_B-AB,Math_AA-SL,Physics-HL,Polish_A-HL,Spanish_B-HL
27,0.6,German_B-AB,English_A-HL,Geography-HL,Polish_A-SL-1,TOK-3
27,0.6,German_B-AB,Biology-HL,Geography-HL,Math_AI-SL,Physics-SL
28,0.6,German_B-AB,Biology-HL,Geography-SL,Math_AI-SL,Physics-HL
30,0.6,German_B-AB,BM-SL,Polish_A-HL,Spanish_B-HL,TOK-2
26,0.6,German_B-AB,Geography-HL,Polish_A-SL-1,Spanish_B-HL,TOK-3
21,0.6,German_B-AB,Geography-SL,Polish_A-HL,Spanish_B-HL,TOK-3
21,0.6,German_B-AB,Biology-HL,Chemistry-SL,Math_AI-SL,Spanish_B-SL
23,0.6,German_B-AB,Chemistry-HL,Computer_Science-HL,Geography-HL,Math_AI-SL
27,0.6,German_B-AB,Biology-SL,Geography-HL,Physics-HL,Spanish_B-HL
13,0.6,German_B-AB,English_A-HL,Math_AA-SL,Polish_A-HL,Spanish_B-SL
24,0.6,German_B-AB,Biology-SL,Computer_Science-HL,Geography-HL,Spanish_B-HL
19,0.6,German_B-AB,English_A-HL,Math_AA-SL,Physics-HL,Polish_A-HL
24,0.6,German_B-AB,Biology-HL,Chemistry-SL,Computer_Science-HL,Math_AI-SL
17,0.6,German_B-AB,English_A-HL,Geography-HL,Polish_A-SL-1,Spanish_B-SL
21,0.6,German_B-AB,Biology-HL,Chemistry-SL,Polish_A-HL,Spanish_B-SL+HL
22,0.6,German_B-AB,English_A-HL,Geography-SL,Polish_A-HL,TOK-3
23,0.6,German_B-AB,BM-SL,English_A-HL,Geography-HL,Polish_A-HL
22,0.6,German_B-AB,BM-SL,Geography-HL,Polish_A-HL,Spanish_B-HL
16,0.58,German_B-AB,BM-HL,Polish_A-HL,Spanish_B-SL+HL
25,0.58,German_B-AB,Math_AA-HL-2,Math_AI-SL,Physics-HL
16,0.58,German_B-AB,BM-HL,Math_AI-SL,Spanish_B-SL
20,0.58,German_B-AB,Biology-HL,Chemistry-SL,Psychology-HL
26,0.58,German_B-AB,BM-HL,Math_AI-SL,TOK-3
22,0.58,German_B-AB,BM-HL,Math_AI-SL,Physics-HL
30,0.56,German_B-AB,Biology-HL,Geography-SL,Physics-SL,Polish_A-HL,Spanish_B-HL
30,0.56,German_B-AB,CAS-3,Psychology-SL,TOK-2
26,0.56,German_B-AB,CAS-3,Math_AI-SL,TOK-2
31,0.56,German_B-AB,BM-SL,CAS-2,Psychology-HL
22,0.56,German_B-AB,CAS-2,Math_AI-SL,Physics-HL
31,0.56,German_B-AB,Biology-HL,English_A-HL,Geography-SL,Physics-SL,Polish_A-HL
22,0.56,German_B-AB,CAS-3,Geography-HL,Psychology-SL
16,0.56,German_B-AB,CAS-2,Math_AI-SL,Spanish_B-SL
26,0.56,German_B-AB,CAS-2,Math_AI-SL,TOK-3
16,0.56,German_B-AB,CAS-2,Polish_A-HL,Spanish_B-SL+HL
26,0.55,German_B-AB,CAS-3,Geography-HL,Polish_A-SL-1,Spanish_B-HL
22,0.55,German_B-AB,CAS-3,English_A-HL,Geography-SL,Polish_A-HL
21,0.55,German_B-AB,CAS-3,Geography-SL,Polish_A-HL,Spanish_B-HL
30,0.55,German_B-AB,BM-SL,CAS-2,Polish_A-HL,Spanish_B-HL
27,0.55,German_B-AB,CAS-3,English_A-HL,Geography-HL,Polish_A-SL-1
26,0.54,German_B-AB,BM-HL,CAS-3,Math_AI-SL
30,0.54,German_B-AB,BM-HL,CAS-3,Psychology-SL
27,0.53,German_B-AB,Math_AA-HL-2,Physics-SL,Polish_A-HL,Spanish_B-HL
19,0.53,German_B-AB,Biology-HL,Geography-HL,Math_AI-SL,Spanish_B-SL
22,0.53,German_B-AB,Biology-HL,Computer_Science-HL,Geography-HL,Math_AI-SL
19,0.53,German_B-AB,Biology-HL,Geography-HL,Polish_A-HL,Spanish_B-SL+HL
28,0.53,German_B-AB,Biology-HL,Geography-HL,Physics-SL,Psychology-HL
25,0.53,German_B-AB,Biology-HL,Geography-HL,Math_AI-SL,Physics-HL
26,0.5,German_B-AB,English_A-HL,English_B-HL-1,TOK-3
25,0.5,German_B-AB,Biology-HL,Chemistry-SL,Computer_Science-HL,English_A-HL,Polish_A-HL
22,0.5,German_B-AB,Biology-HL,Chemistry-SL,English_A-HL,Polish_A-HL,Spanish_B-SL
27,0.5,German_B-AB,Biology-HL,Geography-HL,Physics-SL,Polish_A-HL,Spanish_B-HL
24,0.5,German_B-AB,Biology-HL,Chemistry-SL,Computer_Science-HL,Polish_A-HL,Spanish_B-HL
15,0.5,German_B-AB,BM-HL,Polish_A-HL,Spanish_B-SL
28,0.5,German_B-AB,Biology-HL,English_A-HL,Geography-HL,Physics-SL,Polish_A-HL
28,0.5,German_B-AB,Biology-HL,Geography-SL,Physics-HL,Polish_A-HL,Spanish_B-HL
29,0.5,German_B-AB,Biology-HL,English_A-HL,Geography-SL,Physics-HL,Polish_A-HL
25,0.5,German_B-AB,English_B-HL-1,Spanish_B-HL,TOK-3
16,0.5,German_B-AB,English_A-HL,English_B-HL-1,Spanish_B-SL
23,0.5,German_B-AB,BM-HL,Physics-HL,Psychology-HL
26,0.46,German_B-AB,Biology-HL,Geography-HL,Physics-HL,Psychology-HL
22,0.46,German_B-AB,BM-HL,Physics-HL,Polish_A-HL,Spanish_B-HL
26,0.46,German_B-AB,BM-HL,Polish_A-HL,Spanish_B-HL,TOK-3
25,0.46,German_B-AB,CAS-3,English_B-HL-1,Spanish_B-HL
25,0.46,German_B-AB,Math_AA-HL-2,Physics-HL,Polish_A-HL,Spanish_B-HL
26,0.46,German_B-AB,CAS-3,English_A-HL,English_B-HL-1
27,0.46,German_B-AB,BM-HL,CAS-3,Psychology-HL
25,0.44,German_B-AB,Biology-HL,Geography-HL,Physics-HL,Polish_A-HL,Spanish_B-HL
26,0.44,German_B-AB,Biology-HL,English_A-HL,Geography-HL,Physics-HL,Polish_A-HL
23,0.44,German_B-AB,Biology-HL,Computer_Science-HL,English_A-HL,Geography-HL,Polish_A-HL
20,0.44,German_B-AB,Biology-HL,English_A-HL,Geography-HL,Polish_A-HL,Spanish_B-SL
22,0.44,German_B-AB,Biology-HL,Computer_Science-HL,Geography-HL,Polish_A-HL,Spanish_B-HL
26,0.43,German_B-AB,BM-HL,CAS-3,Polish_A-HL,Spanish_B-HL
24,0.89,Spanish_B-SL+HL,English_B-HL-1,English_B-HL-2
23,0.88,Spanish_B-SL+HL,Biology-SL,Chemistry-SL,German_B-AB
24,0.88,Spanish_B-SL+HL,Geography-HL,Polish_A-SL-1,Polish_A-SL-2
24,0.88,Spanish_B-SL+HL,Biology-SL,Chemistry-SL,German_B-SL
26,0.88,Spanish_B-SL+HL,Polish_A-SL-1,Polish_A-SL-2,SSSTS-SL
25,0.88,Spanish_B-SL+HL,Biology-SL,Chemistry-SL,German_B-AB+SL
23,0.78,Spanish_B-SL+HL,English_B-HL-1,Polish_A-SL-2
21,0.75,Spanish_B-SL+HL,Biology-SL,Geography-HL,German_B-AB
14,0.75,Spanish_B-SL+HL,German_B-AB+SL,Math_AA-SL,Polish_A-HL
20,0.75,Spanish_B-SL+HL,German_B-AB+SL,Polish_A-SL-1,SSSTS-SL
12,0.75,Spanish_B-SL+HL,German_B-AB,Math_AA-SL,Polish_A-HL
18,0.75,Spanish_B-SL+HL,German_B-AB,Polish_A-SL-1,SSSTS-SL
25,0.75,Spanish_B-SL+HL,BM-HL,English_B-HL-2,Polish_A-HL
16,0.75,Spanish_B-SL+HL,Geography-HL,Polish_A-HL,Polish_A-SL-2
18,0.75,Spanish_B-SL+HL,Polish_A-HL,Polish_A-SL-2,SSSTS-SL
24,0.75,Spanish_B-SL+HL,Polish_A-HL,Polish_A-SL-2,TOK-2
16,0.75,Spanish_B-SL+HL,Geography-HL,German_B-AB,Polish_A-SL-1
23,0.75,Spanish_B-SL+HL,Biology-SL,Geography-HL,German_B-AB+SL
18,0.75,Spanish_B-SL+HL,Geography-HL,German_B-AB+SL,Polish_A-SL-1
24,0.7,Spanish_B-SL+HL,Biology-SL,Geography-HL,German_B-SL,History-HL
19,0.7,Spanish_B-SL+HL,Geography-HL,German_B-SL,History-HL,Polish_A-SL-1
21,0.7,Spanish_B-SL+HL,German_B-SL,History-HL,Polish_A-SL-1,SSSTS-SL
15,0.7,Spanish_B-SL+HL,German_B-SL,History-HL,Math_AA-SL,Polish_A-HL
24,0.69,Spanish_B-SL+HL,CAS-2,Polish_A-HL,Polish_A-SL-2
15,0.67,Spanish_B-SL+HL,English_B-HL-1,German_B-AB
25,0.67,Spanish_B-SL+HL,English_B-HL-2,Geography-HL,Polish_A-SL-1
17,0.67,Spanish_B-SL+HL,English_B-HL-1,German_B-AB+SL
24,0.67,Spanish_B-SL+HL,BM-HL,Polish_A-HL,Polish_A-SL-2
12,0.63,Spanish_B-SL+HL,German_B-AB+SL,Polish_A-HL,SSSTS-SL
18,0.63,Spanish_B-SL+HL,German_B-AB+SL,Polish_A-HL,TOK-2
16,0.63,Spanish_B-SL+HL,German_B-AB,Polish_A-HL,TOK-2
10,0.63,Spanish_B-SL+HL,German_B-AB,Polish_A-HL,SSSTS-SL
22,0.6,Spanish_B-SL+HL,Biology-HL,Chemistry-SL,German_B-SL,Polish_A-HL
13,0.6,Spanish_B-SL+HL,German_B-SL,History-HL,Polish_A-HL,SSSTS-SL
23,0.6,Spanish_B-SL+HL,Biology-HL,Chemistry-SL,German_B-AB+SL,Polish_A-HL
19,0.6,Spanish_B-SL+HL,German_B-SL,History-HL,Polish_A-HL,TOK-2
21,0.6,Spanish_B-SL+HL,Biology-HL,Chemistry-SL,German_B-AB,Polish_A-HL
18,0.58,Spanish_B-SL+HL,English_B-HL-1,German_B-SL,History-HL
25,0.58,Spanish_B-SL+HL,English_B-HL-2,Polish_A-HL,TOK-2
16,0.58,Spanish_B-SL+HL,BM-HL,German_B-AB,Polish_A-HL
17,0.58,Spanish_B-SL+HL,English_B-HL-2,Geography-HL,Polish_A-HL
18,0.58,Spanish_B-SL+HL,BM-HL,German_B-AB+SL,Polish_A-HL
18,0.56,Spanish_B-SL+HL,CAS-2,German_B-AB+SL,Polish_A-HL
16,0.56,Spanish_B-SL+HL,CAS-2,German_B-AB,Polish_A-HL
19,0.55,Spanish_B-SL+HL,CAS-2,German_B-SL,History-HL,Polish_A-HL
21,0.53,Spanish_B-SL+HL,Biology-HL,Geography-HL,German_B-AB+SL,Polish_A-HL
19,0.53,Spanish_B-SL+HL,BM-HL,German_B-SL,History-HL,Polish_A-HL
19,0.53,Spanish_B-SL+HL,Biology-HL,Geography-HL,German_B-AB,Polish_A-HL
22,0.5,Spanish_B-SL+HL,Biology-HL,Geography-HL,German_B-SL,History-HL,Polish_A-HL
21,1,German_B-AB+SL,Chemistry-HL,English_A-HL,Geography-HL,Polish_A-HL
28,1,German_B-AB+SL,Polish_A-HL,Spanish_B-HL,TOK-2,TOK-3
21,1,German_B-AB+SL,Chemistry-HL,Geography-HL,Psychology-HL
11,1,German_B-AB+SL,Psychology-HL,SSSTS-SL
20,1,German_B-AB+SL,Chemistry-HL,Geography-HL,Polish_A-HL,Spanish_B-HL
11,1,German_B-AB+SL,Polish_A-HL,Spanish_B-SL,SSSTS-SL
20,1,German_B-AB+SL,Geography-HL,Polish_A-HL,Spanish_B-HL,TOK-3
10,1,German_B-AB+SL,Polish_A-HL,Spanish_B-HL,SSSTS-SL
21,1,German_B-AB+SL,English_A-HL,Geography-HL,Polish_A-HL,TOK-3
17,1,German_B-AB+SL,Polish_A-HL,Spanish_B-SL,TOK-2
20,0.9,German_B-AB+SL,CAS-3,Geography-HL,Polish_A-HL,Spanish_B-HL
28,0.9,German_B-AB+SL,CAS-3,Polish_A-HL,Spanish_B-HL,TOK-2
28,0.9,German_B-AB+SL,CAS-2,Polish_A-HL,Spanish_B-HL,TOK-3
21,0.9,German_B-AB+SL,CAS-3,English_A-HL,Geography-HL,Polish_A-HL
25,0.88,German_B-AB+SL,Biology-SL,Chemistry-SL,Spanish_B-SL+HL
17,0.88,German_B-AB+SL,CAS-2,Polish_A-HL,Spanish_B-SL
29,0.88,German_B-AB+SL,CAS-3,Psychology-HL,TOK-2
21,0.88,German_B-AB+SL,CAS-3,Geography-HL,Psychology-HL
14,0.83,German_B-AB+SL,Chemistry-SL,Psychology-SL
21,0.83,German_B-AB+SL,Chemistry-SL,Spanish_B-AB
17,0.83,German_B-AB+SL,CAS-2,Psychology-HL
23,0.75,German_B-AB+SL,Geography-SL,Math_AI-SL,TOK-3
23,0.75,German_B-AB+SL,Biology-SL,Chemistry-SL,Spanish_B-HL
24,0.75,German_B-AB+SL,Biology-SL,Geography-SL,Spanish_B-HL
14,0.75,German_B-AB+SL,Math_AA-SL,Polish_A-HL,Spanish_B-SL+HL
20,0.75,German_B-AB+SL,Polish_A-SL-1,Spanish_B-SL+HL,SSSTS-SL
23,0.75,German_B-AB+SL,Biology-SL,Geography-HL,Spanish_B-SL+HL
14,0.75,German_B-AB+SL,Math_AA-SL,Math_AI-SL,Spanish_B-SL
18,0.75,German_B-AB+SL,Geography-HL,Polish_A-SL-1,Spanish_B-SL+HL
24,0.75,German_B-AB+SL,Biology-SL,Chemistry-SL,Spanish_B-SL
23,0.69,German_B-AB+SL,CAS-3,Geography-SL,Math_AI-SL
22,0.67,German_B-AB+SL,Biology-HL,Geography-SL,Math_AI-SL
17,0.67,German_B-AB+SL,English_B-HL-1,Spanish_B-SL+HL
19,0.67,German_B-AB+SL,Math_AA-HL-2,Math_AI-SL
13,0.67,German_B-AB+SL,Math_AA-SL,Psychology-HL
14,0.67,German_B-AB+SL,Psychology-SL,SSSTS-SL
21,0.63,German_B-AB+SL,Biology-SL,Geography-HL,Spanish_B-HL
20,0.63,German_B-AB+SL,Chemistry-HL,Geography-HL,Math_AI-SL
18,0.63,German_B-AB+SL,Math_AI-SL,Spanish_B-SL,TOK-2
28,0.63,German_B-AB+SL,Math_AI-SL,TOK-2,TOK-3
12,0.63,German_B-AB+SL,Math_AI-SL,Spanish_B-SL,SSSTS-SL
22,0.63,German_B-AB+SL,Biology-SL,Geography-HL,Spanish_B-SL
12,0.63,German_B-AB+SL,Math_AA-SL,Polish_A-HL,Spanish_B-HL
18,0.63,German_B-AB+SL,Polish_A-HL,Spanish_B-SL+HL,TOK-2
12,0.63,German_B-AB+SL,Polish_A-HL,Spanish_B-SL+HL,SSSTS-SL
18,0.63,German_B-AB+SL,Polish_A-SL-1,Spanish_B-HL,SSSTS-SL
19,0.63,German_B-AB+SL,Polish_A-SL-1,Spanish_B-SL,SSSTS-SL
20,0.63,German_B-AB+SL,Geography-HL,Math_AI-SL,TOK-3
23,0.6,German_B-AB+SL,Geography-SL,Polish_A-HL,Spanish_B-HL,TOK-3
24,0.6,German_B-AB+SL,English_A-HL,Geography-SL,Polish_A-HL,TOK-3
29,0.6,German_B-AB+SL,English_A-HL,Geography-HL,Polish_A-SL-1,TOK-3
15,0.6,German_B-AB+SL,English_A-HL,Math_AA-SL,Polish_A-HL,Spanish_B-SL
28,0.6,German_B-AB+SL,Geography-HL,Polish_A-SL-1,Spanish_B-HL,TOK-3
23,0.6,German_B-AB+SL,Biology-HL,Chemistry-SL,Polish_A-HL,Spanish_B-SL+HL
23,0.6,German_B-AB+SL,Biology-HL,Chemistry-SL,Math_AI-SL,Spanish_B-SL
19,0.6,German_B-AB+SL,English_A-HL,Geography-HL,Polish_A-SL-1,Spanish_B-SL
28,0.58,German_B-AB+SL,BM-HL,Math_AI-SL,TOK-3
18,0.58,German_B-AB+SL,BM-HL,Math_AI-SL,Spanish_B-SL
18,0.58,German_B-AB+SL,BM-HL,Polish_A-HL,Spanish_B-SL+HL
20,0.58,German_B-AB+SL,CAS-2,Psychology-SL
22,0.58,German_B-AB+SL,Biology-HL,Chemistry-SL,Psychology-HL
28,0.56,German_B-AB+SL,CAS-2,Math_AI-SL,TOK-3
32,0.56,German_B-AB+SL,CAS-3,Psychology-SL,TOK-2
18,0.56,German_B-AB+SL,CAS-2,Polish_A-HL,Spanish_B-SL+HL
24,0.56,German_B-AB+SL,CAS-3,Geography-HL,Psychology-SL
18,0.56,German_B-AB+SL,CAS-2,Math_AI-SL,Spanish_B-SL
28,0.56,German_B-AB+SL,CAS-3,Math_AI-SL,TOK-2
20,0.56,German_B-AB+SL,CAS-3,Geography-HL,Math_AI-SL
23,0.55,German_B-AB+SL,CAS-3,Geography-SL,Polish_A-HL,Spanish_B-HL
28,0.55,German_B-AB+SL,CAS-3,Geography-HL,Polish_A-SL-1,Spanish_B-HL
29,0.55,German_B-AB+SL,CAS-3,English_A-HL,Geography-HL,Polish_A-SL-1
24,0.55,German_B-AB+SL,CAS-3,English_A-HL,Geography-SL,Polish_A-HL
32,0.54,German_B-AB+SL,BM-HL,CAS-3,Psychology-SL
28,0.54,German_B-AB+SL,BM-HL,CAS-3,Math_AI-SL
21,0.53,German_B-AB+SL,Biology-HL,Geography-HL,Polish_A-HL,Spanish_B-SL+HL
23,0.53,German_B-AB+SL,Biology-HL,English_A-HL,Geography-SL,Polish_A-HL
21,0.53,German_B-AB+SL,Biology-HL,Chemistry-SL,Polish_A-HL,Spanish_B-HL
22,0.53,German_B-AB+SL,Biology-HL,Geography-SL,Polish_A-HL,Spanish_B-HL
21,0.53,German_B-AB+SL,Biology-HL,Geography-HL,Math_AI-SL,Spanish_B-SL
27,0.5,German_B-AB+SL,English_B-HL-1,Spanish_B-HL,TOK-3
24,0.5,German_B-AB+SL,Biology-HL,Chemistry-SL,English_A-HL,Polish_A-HL,Spanish_B-SL
18,0.5,German_B-AB+SL,English_A-HL,English_B-HL-1,Spanish_B-SL
19,0.5,German_B-AB+SL,Math_AA-HL-2,Polish_A-HL,Spanish_B-HL
28,0.5,German_B-AB+SL,English_A-HL,English_B-HL-1,TOK-3
20,0.5,German_B-AB+SL,Biology-HL,Geography-HL,Psychology-HL
17,0.5,German_B-AB+SL,BM-HL,Polish_A-HL,Spanish_B-SL
29,0.46,German_B-AB+SL,BM-HL,CAS-3,Psychology-HL
28,0.46,German_B-AB+SL,BM-HL,Polish_A-HL,Spanish_B-HL,TOK-3
28,0.46,German_B-AB+SL,CAS-3,English_A-HL,English_B-HL-1
27,0.46,German_B-AB+SL,CAS-3,English_B-HL-1,Spanish_B-HL
19,0.46,German_B-AB+SL,Biology-HL,Geography-HL,Polish_A-HL,Spanish_B-HL
22,0.44,German_B-AB+SL,Biology-HL,English_A-HL,Geography-HL,Polish_A-HL,Spanish_B-SL
28,0.43,German_B-AB+SL,BM-HL,CAS-3,Polish_A-HL,Spanish_B-HL